Alaa,Abdelnaby,-1.5
Zaid,Abdul-Aziz,2.7
Kareem,Abdul-Jabbar,85.7
Mahmoud,Abdul-Rauf,4.5
Tariq,Abdul-Wahad,-1.2
Shareef,Abdur-Rahim,21.9
Tom,Abernethy,3.0
Forest,Able,0
John,Abramovic,0
Álex,Abrines,0.1
Alex,Acker,-0.2
Don,Ackerman,0
Mark,Acres,-1.9
Bud,Acton,0
Quincy,Acy,-0.1
Alvan,Adams,33.0
Don,Adams,0.1
George,Adams,1.0
Hassan,Adams,0.0
Jaylen,Adams,-0.2
Jordan,Adams,0.2
Michael,Adams,19.9
Steven,Adams,8.6
Rafael,Addison,-2.5
Bam,Adebayo,5.6
Deng,Adel,-0.3
Rick,Adelman,0.3
Jeff,Adrien,-0.1
Arron,Afflalo,2.4
Maurice,Ager,-0.9
Mark,Aguirre,24.4
Blake,Ahearn,-0.2
Danny,Ainge,21.9
Matthew,Aitch,0
Alexis,Ajinça,-0.8
Henry,Akin,0
Josh,Akognon,0.0
DeVaughn,Akoon-Purcell,0.0
Solomon,Alabi,-0.1
Mark,Alarie,-0.5
Gary,Alcorn,0
Furkan,Aldemir,-0.2
Cole,Aldrich,1.8
LaMarcus,Aldridge,32.4
Chuck,Aleksinas,-1.0
Cliff,Alexander,0.0
Cory,Alexander,0.4
Courtney,Alexander,-1.7
Gary,Alexander,-0.1
Joe,Alexander,-0.3
Victor,Alexander,-0.3
Nickeil,Alexander-Walker,-0.4
Steve,Alford,0.4
Rawle,Alkins,-0.2
Bill,Allen,0
Bob,Allen,0
Grayson,Allen,-0.5
Jarrett,Allen,4.0
Jerome,Allen,-0.4
Kadeem,Allen,0.2
Lavoy,Allen,-0.1
Lucius,Allen,6.3
Malik,Allen,-3.3
Randy,Allen,-0.7
Ray,Allen,57.6
Tony,Allen,10.4
Willie,Allen,0
Odis,Allison,0
Lance,Allred,0.0
Darrell,Allums,-0.3
Morris,Almond,-0.4
Derrick,Alston,-0.5
Rafer,Alston,9.6
Peter,Aluma,0.0
John,Amaechi,-4.2
Ashraf,Amaya,-1.0
Al-Farouq,Aminu,6.6
Lou,Amundson,-2.1
Bob,Anderegg,0
Chris,Andersen,9.2
David,Andersen,-0.3
Alan,Anderson,-0.9
Andrew,Anderson,0
Antonio,Anderson,0.0
Cliff,Anderson,0
Dan,Anderson,0
Dan,Anderson,0.1
Derek,Anderson,13.5
Dwight,Anderson,0.0
Eric,Anderson,-0.1
Greg,Anderson,-3.7
J.J.,Anderson,0.0
James,Anderson,-0.8
Jerome,Anderson,-0.1
Justin,Anderson,0.6
Kenny,Anderson,21.9
Kim,Anderson,-0.4
Kyle,Anderson,6.2
Michael,Anderson,-0.1
Nick,Anderson,24.7
Richard,Anderson,1.4
Ron,Anderson,2.6
Ryan,Anderson,12.8
Shandon,Anderson,3.0
Willie,Anderson,8.6
Wally,Anderzunas,0
Martynas,Andriuškevičius,0.0
Don,Anielak,0
Ike,Anigbogu,0.0
Michael,Ansley,0.6
Chris,Anstey,-0.5
Giannis,Antetokounmpo,29.8
Kostas,Antetokounmpo,0.0
Thanasis,Antetokounmpo,0.0
Carmelo,Anthony,35.7
Greg,Anthony,13.3
Joel,Anthony,0.4
Pero,Antić,-0.6
OG,Anunoby,1.8
Keith,Appling,-0.1
Rafael,Araújo,-2.1
Stacey,Arceneaux,0
Robert,Archibald,-0.3
Tiny,Archibald,12.9
Ryan,Arcidiacono,-0.3
Jim,Ard,-0.7
Gilbert,Arenas,22.3
Trevor,Ariza,21.8
Paul,Arizin,0
Joe,Arlauckas,-0.1
B.J.,Armstrong,8.1
Bob,Armstrong,0
Brandon,Armstrong,-1.0
Curly,Armstrong,0
Darrell,Armstrong,21.4
Hilton,Armstrong,-1.8
Tate,Armstrong,-0.3
Jesse,Arnelle,0
Jay,Arnette,0
Bob,Arnzen,0.0
Carlos,Arroyo,2.4
Darrell,Arthur,-0.4
John,Arthurs,0
Jamel,Artis,-0.2
Ömer,Aşık,0.1
Vincent,Askew,4.7
Keith,Askins,2.5
Don,Asmonga,0
Dick,Atha,0
Chucky,Atkins,3.7
Al,Attles,0
Chet,Aubuchon,0
Stacey,Augmon,9.8
D.J.,Augustin,8.0
James,Augustine,0.0
Isaac,Austin,-1.0
Johnny,Austin,0
Ken,Austin,0.0
Anthony,Avent,-6.4
Bird,Averitt,-1.9
William,Avery,-1.1
Dennis,Awtrey,2.2
Gustavo,Ayón,1.4
Jeff,Ayres,-0.2
Deandre,Ayton,1.9
Kelenna,Azubuike,1.8
Chris,Babb,-0.1
Luke,Babbitt,-0.1
Miloš,Babić,-0.1
Johnny,Bach,0
Dwayne,Bacon,-1.6
Henry,Bacon,0
Jim,Baechtold,0
Dalibor,Bagarić,-1.5
John,Bagley,4.5
Marvin,Bagley,0.3
Carl,Bailey,0.0
Gus,Bailey,0.4
James,Bailey,-2.6
Thurl,Bailey,6.9
Toby,Bailey,-0.3
Cameron,Bairstow,-0.3
Jimmie,Baker,-0.1
LaMark,Baker,0.0
Maurice,Baker,0.0
Norm,Baker,0
Ron,Baker,-0.6
Vin,Baker,5.4
Wade,Baldwin,-0.5
Renaldo,Balkman,1.6
Cedric,Ball,0.0
Lonzo,Ball,3.3
Greg,Ballard,18.1
Herschel,Baltimore,0
Mohamed,Bamba,0.7
Gene,Banks,8.7
Marcus,Banks,-0.1
Walker,Banks,0
Ken,Bannister,-3.6
Mike,Bantom,5.7
John,Barber,0
Leandro,Barbosa,8.6
Steve,Bardo,-0.2
J.J.,Barea,5.4
Andrea,Bargnani,1.5
Cliff,Barker,0
Tom,Barker,-0.9
Charles,Barkley,80.5
Erick,Barkley,-0.1
Don,Barksdale,0
Harrison,Barnes,4.6
Harry,Barnes,0
Jim,Barnes,0
Marvin,Barnes,6.1
Matt,Barnes,10.7
Dick,Barnett,0.0
Jim,Barnett,1.1
Nathaniel,Barnett,-0.1
John,Barnhill,0
Norton,Barnhill,0.0
Leo,Barnhorst,0
John,Barr,0
Mike,Barr,0.5
Moe,Barr,0
Andre,Barrett,-0.2
Ernie,Barrett,0
Mike,Barrett,0
RJ,Barrett,-1.0
Earl,Barron,-2.8
Dana,Barros,18.0
Brent,Barry,27.7
Drew,Barry,-0.2
Jon,Barry,13.4
Rick,Barry,24.8
Ed,Bartels,0
Vic,Bartolome,0
Will,Barton,6.2
Eddie,Basden,0.0
Jerry,Baskerville,-0.1
Brandon,Bass,5.1
Tim,Bassett,-1.0
Maceo,Baston,0.2
Mengke,Bateer,-0.8
Billy Ray,Bates,2.1
Keita,Bates-Diop,0.0
Esteban,Batista,-0.7
Mike,Batiste,-0.5
Tony,Battie,0.8
Shane,Battier,28.2
John,Battle,0.1
Kenny,Battle,0.7
Dave,Batton,0.0
Lloyd,Batts,0.0
Nicolas,Batum,22.6
Johnny,Baum,0.1
Frankie,Baumholtz,0
Lonny,Baxter,-1.2
Jerryd,Bayless,1.1
Elgin,Baylor,0
Howard,Bayne,0
Aron,Baynes,-0.2
Sergei,Bazarevich,0.0
Kent,Bazemore,2.1
Darius,Bazley,-0.1
Ed,Beach,0
Bradley,Beal,17.0
Al,Beard,0
Butch,Beard,6.2
Ralph,Beard,0
Charles,Beasley,0
Jerome,Beasley,0.0
John,Beasley,0.0
Malik,Beasley,0.8
Michael,Beasley,0.9
Zelmo,Beaty,2.3
Rodrigue,Beaubois,1.4
Byron,Beck,2.3
Corey,Beck,-0.3
Ernie,Beck,0
Arthur,Becker,0
Moe,Becker,0
Bob,Bedell,0
William,Bedford,-1.8
Hank,Beenders,0
Ron,Behagen,-0.2
Elmer,Behnke,0
Marco,Belinelli,3.3
Charlie,Bell,1.0
Dennis,Bell,-0.1
Jordan,Bell,1.2
Raja,Bell,3.5
Troy,Bell,-0.2
Whitey,Bell,0
Walt,Bellamy,1.1
DeAndre',Bembry,-0.8
Irv,Bemoras,0
Leon,Benbow,-0.2
Dragan,Bender,-1.9
Jonathan,Bender,-0.6
Jerrelle,Benimon,0.0
Benoit,Benjamin,4.8
Corey,Benjamin,-1.6
Anthony,Bennett,-1.3
Elmer,Bennett,-0.2
Mario,Bennett,0.2
Mel,Bennett,-2.0
Spider,Bennett,0
Tony,Bennett,-0.3
Winston,Bennett,-1.8
David,Benoit,0.0
Keith,Benson,0.0
Kent,Benson,8.8
Ben,Bentil,-0.1
Gene,Berce,0
Gary,Bergen,0
Larry,Bergh,0
Ricky,Berry,0.1
Walter,Berry,1.2
Dairis,Bertāns,-0.3
Dāvis,Bertāns,4.2
Del,Beshore,-0.7
Travis,Best,6.0
Patrick,Beverley,9.0
Sim,Bhullar,0.0
Wesley,Bialosuknia,0
Al,Bianchi,0
Hank,Biasatti,0
Henry,Bibby,1.8
Mike,Bibby,23.8
Ed,Biedenbach,0
Andris,Biedriņš,4.6
Don,Bielke,0
Bob,Bigelow,-0.2
Lionel,Billingy,-0.6
Chauncey,Billups,43.5
Dave,Bing,5.6
Joe,Binion,0.0
Khem,Birch,0.5
Jabari,Bird,0.0
Jerry,Bird,0
Larry,Bird,77.2
Otis,Birdsong,14.3
Gale,Bishop,0
Goga,Bitadze,0.0
Bismack,Biyombo,-1.9
Nemanja,Bjelica,4.2
Uwe,Blab,-1.7
Charlie,Black,0
Norman,Black,-0.1
Tarik,Black,-0.6
Tom,Black,0
Rolando,Blackman,19.8
Alex,Blackwell,-0.1
Cory,Blackwell,-0.8
James,Blackwell,0.1
Nate,Blackwell,-0.1
DeJuan,Blair,1.4
Steve,Blake,4.2
Antonio,Blakeney,-0.9
Will,Blalock,-0.2
George,Blaney,0
Lance,Blanks,-0.3
Ricky,Blanton,0.0
Andray,Blatche,3.8
Mookie,Blaylock,39.2
Eric,Bledsoe,18.5
Leon,Blevins,0
John,Block,0.8
Mike,Bloom,0
Jaron,Blossomgame,-0.2
Corie,Blount,-1.1
Mark,Blount,-2.5
Vander,Blue,-0.3
Ray,Blume,-0.3
Nelson,Bobb,0
Tony,Bobbitt,0.0
Bucky,Bockhorn,0
Tom,Boerwinkle,6.2
Keith,Bogans,1.9
Bogdan,Bogdanović,1.9
Bojan,Bogdanović,2.9
Muggsy,Bogues,17.9
Andrew,Bogut,16.0
Etdrick,Bohannon,-0.1
Manute,Bol,4.5
Jonah,Bolden,0.1
Marques,Bolden,0.0
Bill,Bolger,0
Joel,Bolomboy,0.0
Doug,Bolstorff,0
George,Bon Salle,0
Phil,Bond,0.0
Walter,Bond,-1.2
Jordan,Bone,-0.1
Dexter,Boney,0.0
Isaac,Bonga,-0.2
Ron,Bonham,0
Anthony,Bonner,0.1
Matt,Bonner,10.1
Butch,Booker,0
Devin,Booker,4.8
Melvin,Booker,-0.4
Trevor,Booker,4.2
Josh,Boone,0.0
Ron,Boone,6.4
Calvin,Booth,0.3
Keith,Booth,-0.5
Bob,Boozer,0
Carlos,Boozer,23.1
Curtis,Borchardt,-0.5
Jake,Bornheimer,0
Lazaro,Borrell,0.0
Ike,Borsavage,0
Vince,Boryla,0
Chris,Bosh,31.1
Jim,Bostic,0.0
Lawrence,Boston,-0.1
Tom,Boswell,1.6
Chris,Boucher,0.8
Ruben,Boumtje-Boumtje,-0.2
Don,Boven,0
Cal,Bowdler,-0.4
Brian,Bowen,-0.1
Bruce,Bowen,7.2
Ryan,Bowen,2.0
Tommie,Bowens,0
Anthony,Bowie,1.4
Sam,Bowie,6.2
Orbie,Bowling,0
Ira,Bowman,0.1
Ky,Bowman,-0.6
Nate,Bowman,0
Donnie,Boyce,-0.1
Dennis,Boyd,-0.1
Freddie,Boyd,-1.8
Ken,Boyd,0.1
Earl,Boykins,6.5
Harry,Boykoff,0
Winford,Boynes,-1.3
Cedric,Bozeman,-0.3
Steve,Bracey,-0.2
Craig,Brackins,-0.2
Gary,Bradds,0
Alex,Bradley,0.0
Alonzo,Bradley,-0.8
Avery,Bradley,-0.7
Bill,Bradley,0
Bill,Bradley,-0.5
Charles,Bradley,-0.4
Dudley,Bradley,7.0
Jim,Bradley,0.6
Joe,Bradley,0
Michael,Bradley,-1.0
Shawn,Bradley,8.9
Tony,Bradley,0.4
Mark,Bradtke,-0.2
Marques,Bragg,-0.3
Torraye,Braggs,-0.1
A.J.,Bramlett,-0.2
Adrian,Branch,0.0
Elton,Brand,37.3
Terrell,Brandon,30.3
Bob,Brannum,0
Brad,Branson,0.0
Jesse,Branson,0
Jarrell,Brantley,0.0
Jim,Brasco,0
Mike,Bratz,0.6
Carl,Braun,0
Ignas,Brazdeikis,-0.1
Tim,Breaux,-0.9
J.R.,Bremer,0.2
Pete,Brennan,0
Tom,Brennan,0
Randy,Breuer,2.3
Corey,Brewer,2.0
Jamison,Brewer,0.0
Jim,Brewer,8.6
Ron,Brewer,2.4
Ronnie,Brewer,10.6
Primož,Brezec,-1.7
Frankie,Brian,0
Frank,Brickowski,3.7
Junior,Bridgeman,8.3
Bill,Bridges,0.0
Mikal,Bridges,1.5
Miles,Bridges,0.3
Al,Brightman,0
Aud,Brindley,0
Isaiah,Briscoe,-0.4
John,Brisker,0.5
Oshae,Brissett,-0.1
Allan,Bristow,6.5
Tyrone,Britt,0
Wayman,Britt,0.0
Mike,Brittain,-0.4
Dave,Britton,0.0
Jon,Brockman,-0.8
Ryan,Broekhoff,0.2
Jim,Brogan,0.3
Malcolm,Brogdon,4.4
Gary,Brokaw,0.1
Price,Brookfield,0
Clarence,Brookins,0
Aaron,Brooks,2.7
Dillon,Brooks,-2.6
Kevin,Brooks,-1.0
MarShon,Brooks,0.4
Michael,Brooks,4.6
Scott,Brooks,6.8
Andre,Brown,-0.5
Anthony,Brown,-0.6
Bob,Brown,0
Bobby,Brown,-1.3
Bruce,Brown,-0.2
Charlie,Brown,0.0
Chucky,Brown,-2.0
Damone,Brown,-0.6
Darrell,Brown,0
Dee,Brown,11.6
Dee,Brown,-0.2
Derrick,Brown,0.4
Devin,Brown,0.6
Ernest,Brown,-0.1
Fred,Brown,22.6
George,Brown,0
Gerald,Brown,-0.3
Harold,Brown,0
Jabari,Brown,-0.3
Jaylen,Brown,1.4
John,Brown,-0.4
Kedrick,Brown,0.4
Kwame,Brown,-1.3
Larry,Brown,0
Leon,Brown,0
Lewis,Brown,0.0
Lorenzo,Brown,-0.5
Marcus,Brown,0.0
Markel,Brown,-0.4
Mike,Brown,-4.4
Moses,Brown,-0.1
Myron,Brown,0.0
P.J.,Brown,17.4
Randy,Brown,0.2
Raymond,Brown,-0.2
Rickey,Brown,-2.8
Roger,Brown,2.5
Roger,Brown,-0.3
Shannon,Brown,1.0
Stan,Brown,0
Sterling,Brown,-0.1
Tierre,Brown,-0.8
Tony,Brown,-1.2
Troy,Brown,0.1
Jim,Browne,0
Stanley,Brundy,0.0
Brian,Brunkhorst,0
George,Bruns,0
Jalen,Brunson,0.5
Rick,Brunson,0.3
Nicolás,Brussino,0.0
Em,Bryant,0
Joe,Bryant,-0.7
Kobe,Bryant,80.1
Mark,Bryant,-4.0
Thomas,Bryant,2.1
Wallace,Bryant,-0.2
Torgeir,Bryn,0.0
George,Bucci,-0.1
Joe,Buckhalter,0
Steve,Bucknall,-0.2
Cleveland,Buckner,0
Greg,Buckner,2.9
Quinn,Buckner,7.7
Dave,Budd,0
Chase,Budinger,2.9
Walt,Budko,0
Jud,Buechler,4.0
Rodney,Buford,-1.9
Matt,Bullard,4.0
Reggie,Bullock,1.8
Larry,Bunce,0
Greg,Bunch,0.0
Dick,Bunt,0
Bill,Buntin,0
Bill,Bunting,0
Ticky,Burden,0.4
Pat,Burke,-1.4
Trey,Burke,1.9
Roger,Burkman,0.1
Alec,Burks,2.2
Antonio,Burks,-0.6
Kevin,Burleson,-0.4
Tom,Burleson,5.1
Jack,Burmaster,0
David,Burns,-0.1
Evers,Burns,-0.1
Jim,Burns,0
Scott,Burrell,5.2
Art,Burris,0
Junior,Burrough,-0.7
Bob,Burrow,0
Deonte,Burton,-0.4
Ed,Burton,0
Willie,Burton,-0.9
Steve,Burtt,-0.9
Don,Buse,23.0
David,Bustion,0
Donnie,Butcher,0
Al,Butler,0
Caron,Butler,12.6
Greg,Butler,-0.6
Jackie,Butler,-0.3
Jimmy,Butler,29.7
Mike,Butler,0
Mitchell,Butler,-1.5
Rasual,Butler,2.6
Dwight,Buycks,-0.2
Derrick,Byars,0.0
Andrew,Bynum,9.1
Will,Bynum,-0.1
Walter,Byrd,0
Marty,Byrnes,-0.5
Tommy,Byrnes,0
Michael,Bytzura,0
Žarko,Čabarkapa,-0.7
Barney,Cable,0
Bruno,Caboclo,-0.1
Jason,Caffey,-3.6
Michael,Cage,13.7
Gerry,Calabrese,0
Nick,Calathes,0.8
José,Calderón,17.7
Adrian,Caldwell,-1.3
Jim,Caldwell,0
Joe,Caldwell,2.6
Kentavious,Caldwell-Pope,5.2
Bill,Calhoun,0
Corky,Calhoun,0.6
Demetrius,Calip,-0.1
Tom,Callahan,0
Rick,Calloway,-0.8
Ernie,Calverley,0
Mack,Calvin,5.4
Dexter,Cambridge,-0.5
Marcus,Camby,31.3
Elden,Campbell,9.5
Tony,Campbell,2.2
Isaiah,Canaan,-0.5
Vlatko,Čančar,0.0
Larry,Cannon,-0.2
Clint,Capela,8.5
Derrick,Caracter,-0.3
Frank,Card,0
Brian,Cardinal,3.2
Howie,Carl,0
Chet,Carlisle,0
Geno,Carlisle,0.0
Rick,Carlisle,-0.9
Don,Carlos,0
Al,Carlson,-0.2
Don,Carlson,0
Bob,Carney,0
Rodney,Carney,0.5
Bob,Carpenter,0
Antoine,Carr,4.1
Austin,Carr,5.2
Chris,Carr,-1.1
Cory,Carr,-1.0
Kenny,Carr,2.3
M.L.,Carr,10.1
Darel,Carrier,0
Bob,Carrington,-0.6
DeMarre,Carroll,6.7
Joe Barry,Carroll,8.2
Matt,Carroll,-0.2
Jimmy,Carruth,0.0
Anthony,Carter,0.2
Butch,Carter,0.1
Fred,Carter,1.8
George,Carter,0.3
Howard,Carter,-0.6
Jake,Carter,0
Jevon,Carter,0.0
Maurice,Carter,-0.2
Reggie,Carter,-0.6
Ron,Carter,-0.4
Vince,Carter,57.9
Wendell,Carter,0.0
Michael,Carter-Williams,2.5
Bill,Cartwright,9.7
Jay,Carty,0
Alex,Caruso,0.6
Cornelius,Cash,-0.1
Sam,Cash,0
Sam,Cassell,28.8
Omri,Casspi,3.5
Harvey,Catchings,4.1
Terry,Catledge,-2.0
Sid,Catlett,0
Kelvin,Cato,4.5
Bobby,Cattage,-0.6
Willie,Cauley-Stein,4.3
Troy,Caupain,0.1
Duane,Causwell,-0.7
Tyler,Cavanaugh,-0.1
Ron,Cavenall,-0.7
Cedric,Ceballos,10.0
John,Celestand,-0.3
Al,Cervi,0
Lionel,Chalmers,-0.4
Mario,Chalmers,5.9
Bill,Chamberlain,0.1
Wilt,Chamberlain,0
Jerry,Chambers,0.2
Tom,Chambers,12.0
Mike,Champion,-0.1
Tyson,Chandler,16.9
Wilson,Chandler,3.5
Don,Chaney,4.1
John,Chaney,0
Rex,Chapman,5.2
Wayne,Chapman,0
Len,Chappell,0
Ken,Charles,2.0
Lorenzo,Charles,0.0
Joe,Chealey,-0.1
Calbert,Cheaney,-2.9
Zylan,Cheatham,-0.1
Maurice,Cheeks,42.1
Phil,Chenier,11.5
Will,Cherry,-0.1
Derrick,Chievous,-0.7
Pete,Chilcutt,0.3
Josh,Childress,7.4
Randolph,Childress,-0.4
Chris,Childs,2.9
Chris,Chiozza,0.2
Leroy,Chollet,0
Jim,Chones,6.0
Marquese,Chriss,-0.3
Fred,Christ,0
Cal,Christensen,0
Bob,Christian,0.0
Doug,Christie,20.7
Dionte,Christmas,0.0
Rakeem,Christmas,-0.2
Semaj,Christon,-0.8
Patrick,Christopher,-0.1
Stephen,Chubin,0
Robert,Churchwell,0.0
Archie,Clark,2.4
Carlos,Clark,0.0
Earl,Clark,-0.8
Gary,Clark,0.2
Ian,Clark,-1.3
Keon,Clark,2.6
Richard,Clark,0
Brandon,Clarke,1.5
Coty,Clarke,0.0
Jordan,Clarkson,3.9
Gian,Clavell,0.0
Victor,Claver,-0.4
John,Clawson,0
Charles,Claxton,0.0
Nicolas,Claxton,0.1
Speedy,Claxton,3.6
Jim,Cleamons,6.6
Mateen,Cleaves,-1.7
Barry,Clemens,0.7
Chris,Clemons,0.1
Antonius,Cleveland,-0.1
Nat,Clifton,0
Bill,Closs,0
Keith,Closs,0.0
Paul,Cloyd,0
Bob,Cluggish,0
Ben,Clyde,-0.1
Amir,Coffey,-0.1
Richard,Coffey,-0.4
Fred,Cofield,-0.3
John,Coker,-0.1
Norris,Cole,-4.1
Ben,Coleman,-1.3
Derrick,Coleman,22.3
E.C.,Coleman,0.0
Jack,Coleman,0
Norris,Coleman,-0.6
Bimbo,Coles,1.9
Jason,Collier,-1.9
Art,Collins,-0.4
Don,Collins,3.5
Doug,Collins,8.4
James,Collins,0.0
Jarron,Collins,-2.5
Jason,Collins,-6.6
Jimmy,Collins,0
John,Collins,3.9
Mardy,Collins,-1.7
Sherron,Collins,-0.1
Zach,Collins,-0.3
Kyle,Collinsworth,-0.1
Darren,Collison,13.5
Nick,Collison,3.1
Joe,Colone,0
Bonzie,Colson,0.0
Sean,Colson,-0.1
Steve,Colter,4.4
Glen,Combs,0.2
Leroy,Combs,0.1
John,Comeaux,0
Dallas,Comegys,-0.9
Larry,Comley,0
Jeffrey,Congdon,0
Gene,Conley,0
Larry,Conley,0
Mike,Conley,29.3
Ed,Conlin,0
Marty,Conlon,-1.1
Pat,Connaughton,1.7
Jimmy,Conner,0.1
Lester,Conner,11.3
Chuck,Connors,0
Will,Conroy,-0.3
Anthony,Cook,-0.7
Bert,Cook,0
Bobby,Cook,0
Brian,Cook,0.5
Daequan,Cook,-1.1
Darwin,Cook,9.4
Jeff,Cook,1.6
Norm,Cook,-0.1
Omar,Cook,0.0
Quinn,Cook,-0.1
Tyler,Cook,0.0
Charles,Cooke,-0.1
David,Cooke,0.0
Joe,Cooke,0
Jack,Cooley,0.0
Chuck,Cooper,0
Duane,Cooper,-0.8
Joe,Cooper,-0.2
Michael,Cooper,19.1
Wayne,Cooper,-1.4
Tom,Copa,-0.1
Chris,Copeland,0.2
Hollis,Copeland,0.0
Lanard,Copeland,-0.3
Tyrone,Corbin,11.9
Chris,Corchiani,0.1
Ken,Corley,0
Ray,Corley,0
Dave,Corzine,7.0
Larry,Costello,0
Matt,Costello,0.0
Bryce,Cotton,-0.1
Jack,Cotton,0
James,Cotton,-0.1
John,Coughran,-0.3
Mel,Counts,0.8
Steve,Courtin,0
Joe,Courtney,-0.8
Marcus,Cousin,0.0
DeMarcus,Cousins,21.1
Bob,Cousy,0
Robert,Covington,7.4
Dave,Cowens,21.5
Chubby,Cox,-0.2
Johnny,Cox,0
Wesley,Cox,-0.9
Allen,Crabbe,0.9
Torrey,Craig,-0.1
Chris,Crawford,-0.6
Freddie,Crawford,0
Jamal,Crawford,18.4
Joe,Crawford,0.0
Jordan,Crawford,1.3
Mitch,Creek,0.1
Jim,Creighton,-0.2
Ron,Crevier,0.0
Hal,Crisler,0
Joe,Crispin,0.2
Charlie,Criss,2.0
Russell,Critchfield,0
Winston,Crite,-0.2
Javaris,Crittenton,-1.0
Dillard,Crocker,0
Bobby,Croft,0
Geoff,Crompton,-0.4
Terry,Crosby,0.0
Austin,Croshere,5.6
Jeff,Cross,-0.3
Pete,Cross,0
Russell,Cross,0.1
Chink,Crossin,0
John,Crotty,1.2
Bill,Crow,0
Mark,Crow,0.0
Corey,Crowder,-0.2
Jae,Crowder,7.8
Al,Cueto,0
Jarrett,Culver,-0.8
Pat,Cummings,-1.9
Terry,Cummings,22.5
Vonteego,Cummings,-0.3
Billy,Cunningham,5.1
Dante,Cunningham,1.1
Dick,Cunningham,0.0
Jared,Cunningham,-0.6
William,Cunningham,-0.4
Radisav,Ćurčić,0.0
Armand,Cure,0
Earl,Cureton,-2.1
Bill,Curley,-1.3
Fran,Curran,0
Dell,Curry,17.1
Eddy,Curry,-1.3
JamesOn,Curry,0.0
Michael,Curry,-4.7
Seth,Curry,3.5
Stephen,Curry,50.7
Rastko,Cvetković,-0.1
Mike,D'Antoni,0.5
Mike,Dabich,0
Ed,Dahler,0
Quintin,Dailey,0.3
Samuel,Dalembert,4.6
Howie,Dallmar,0
Erick,Dampier,4.1
Louie,Dampier,9.0
Bob,Dandridge,15.1
Antonio,Daniels,10.1
Erik,Daniels,-0.1
Lloyd,Daniels,0.4
Marquis,Daniels,3.0
Mel,Daniels,0.5
Troy,Daniels,-0.3
Sasha,Danilović,0.8
Adrian,Dantley,43.7
Pete,Darcey,0
Jimmy,Darden,0
Ollie,Darden,0
Yinka,Dare,-1.6
Jesse,Dark,-0.2
Rick,Darnell,-0.2
Jimmy,Darrow,0
Luigi,Datome,-0.1
Brad,Daugherty,21.3
Mack,Daughtry,0
Kornél,Dávid,-0.4
Jermareo,Davidson,-0.3
Bob,Davies,0
Brandon,Davies,-0.9
Anthony,Davis,37.7
Antonio,Davis,4.4
Aubrey,Davis,0
Baron,Davis,33.1
Ben,Davis,-0.1
Bill,Davis,0
Bob,Davis,0
Brad,Davis,12.1
Brian,Davis,-0.3
Charles,Davis,-1.4
Charlie,Davis,-0.1
Dale,Davis,18.4
Deyonta,Davis,0.0
Dwight,Davis,0.4
Ed,Davis,6.2
Emanual,Davis,-0.4
Glen,Davis,-1.7
Harry,Davis,-0.3
Hubert,Davis,4.2
Jim,Davis,1.1
Johnny,Davis,6.4
Josh,Davis,0.0
Lee,Davis,0.9
Mark,Davis,0.1
Mark,Davis,-0.4
Mel,Davis,-1.3
Mickey,Davis,1.3
Mike,Davis,0
Mike,Davis,0.0
Monti,Davis,0.0
Paul,Davis,-0.4
Ralph,Davis,0
Red,Davis,0
Ricky,Davis,6.3
Ron,Davis,-0.5
Terence,Davis,0.9
Terry,Davis,-4.9
Tyler,Davis,0.0
Walt,Davis,0
Walter,Davis,25.3
Warren,Davis,0
Willie,Davis,0
Andre,Dawkins,-0.1
Darryl,Dawkins,7.8
Johnny,Dawkins,4.2
Paul,Dawkins,-0.4
Branden,Dawson,0.0
Eric,Dawson,0.0
Jimmy,Dawson,0
Tony,Dawson,0.0
Todd,Day,3.4
Austin,Daye,0.0
Darren,Daye,2.2
Nando,De Colo,0.5
Billy,DeAngelis,0
Dave,DeBusschere,2.5
Andrew,DeClercq,-2.4
Nate,DeLong,0
Joe,DePre,0
DeMar,DeRozan,16.5
Hank,DeZonie,0
Greg,Deane,-0.1
Dewayne,Dedmon,1.6
Don,Dee,0
Archie,Dees,0
Terry,Dehere,-1.1
Red,Dehnert,0
Bryce,Dejean-Jones,0.0
Sam,Dekker,0.5
Vinny,Del Negro,6.1
Malcolm,Delaney,-1.3
Bison,Dele,3.4
Carlos,Delfino,7.2
Ángel,Delgado,0.0
Tony,Delk,4.8
Matthew,Dellavedova,-2.5
Fennis,Dembo,-0.2
Larry,Demic,-2.9
Dell,Demps,0.0
George,Dempsey,0
Luol,Deng,22.9
Kenny,Dennard,0.2
Blaine,Denning,0
Justin,Dentmon,-0.1
Randy,Denton,2.4
Rod,Derline,-0.3
Marcus,Derrickson,0.0
Dave,Deutsch,0
Corky,Devlin,0
Ernie,DiGregorio,-3.6
Donte,DiVincenzo,1.4
Derrick,Dial,0.0
Cheick,Diallo,0.3
Hamidou,Diallo,-0.8
Boris,Diaw,15.5
Yakhouba,Diawara,-1.4
Guillermo,Díaz,0.0
Dan,Dickau,0.6
Kaniel,Dickens,0.0
Henry,Dickerson,-0.2
Michael,Dickerson,1.3
Clyde,Dickey,-0.6
Derrek,Dickey,0.9
Dick,Dickey,0
John,Dickson,0
Travis,Diener,1.1
Gorgui,Dieng,6.2
Connie,Dierking,0
Coby,Dietrick,9.2
Craig,Dill,0
Dwaine,Dillard,0.0
Mickey,Dillard,-0.3
Bob,Dille,0
Hook,Dillon,0
Byron,Dinkins,-0.2
Jackie,Dinkins,0
Harry,Dinnel,0
Bill,Dinwiddie,0
Spencer,Dinwiddie,4.8
Ike,Diogu,-0.7
DeSagana,Diop,0.2
Terry,Dischinger,0
Fred,Diute,0
Vlade,Divac,36.3
Juan,Dixon,-0.3
Earl,Dodd,0
Michael,Doleac,-3.7
Joe,Dolhon,0
Bob,Doll,0
James,Donaldson,12.4
Luka,Dončić,8.2
Bob,Donham,0
Billy,Donovan,-0.2
Harry,Donovan,0
Keyon,Dooling,-0.2
Aleksandar,Đorđević,0.1
Jacky,Dorsey,-0.4
Joey,Dorsey,-0.3
Ron,Dorsey,0
Tyler,Dorsey,-0.5
Luguentz,Dort,-0.3
Damyean,Dotson,-0.2
Quincy,Douby,-0.6
Bruce,Douglas,0.0
John,Douglas,-0.1
Leon,Douglas,-2.4
Sherman,Douglas,9.1
Toney,Douglas,2.2
Chris,Douglas-Roberts,-0.2
Sekou,Doumbouya,-0.9
Sonny,Dove,0
Jerry,Dover,0
Zabian,Dowdell,-0.1
Bill,Downey,0
Steve,Downing,-0.2
Danny,Doyle,0
Milton,Doyle,-0.1
PJ,Dozier,-0.2
Terry,Dozier,-0.1
Goran,Dragić,16.3
Zoran,Dragić,-0.1
Greg,Dreiling,-3.5
Bryce,Drew,-1.1
John,Drew,18.7
Larry,Drew,5.0
Larry,Drew,-0.6
Clyde,Drexler,70.2
Nate,Driggers,-0.2
Terry,Driscoll,-0.2
Predrag,Drobnjak,-1.3
Ralph,Drollinger,-0.1
Andre,Drummond,16.3
Dennis,DuVal,-0.1
Dick,Duckett,0
Kevin,Duckworth,-7.6
Charles,Dudley,3.6
Chris,Dudley,-4.2
Jared,Dudley,11.1
Terry,Duerod,-0.5
Bob,Duffy,0
Bob,Duffy,0
Chris,Duhon,3.2
Duje,Dukan,0.0
Walter,Dukes,0
Joe,Dumars,25.4
Rich,Dumas,0
Richard,Dumas,1.0
Tony,Dumas,-0.7
Andy,Duncan,0
Tim,Duncan,91.1
Mike,Dunleavy,2.9
Mike,Dunleavy,15.7
Kris,Dunn,0.2
Pat,Dunn,0
T.R.,Dunn,11.5
Ronald,Dupree,-0.7
Kevin,Durant,69.0
John,Duren,-2.5
Jarrett,Durham,0
Pat,Durham,0.0
Devin,Durrant,-0.5
Ken,Durrett,-0.5
Trevon,Duval,0.0
Jack,Dwan,0
Craig,Dykema,0.0
Gene,Dyker,0
Jerome,Dyson,-0.1
Ledell,Eackles,-0.7
Jim,Eakins,6.6
Acie,Earl,-2.5
Ed,Earle,0
Cleanthony,Early,-0.8
Penny,Early,0
Mark,Eaton,11.8
Jerry,Eaves,-0.8
Devin,Ebanks,-0.5
Bill,Ebben,0
Al,Eberhard,-0.5
Ndudi,Ebi,0.0
Roy,Ebron,0.2
Jarell,Eddie,0.0
Patrick,Eddie,-0.1
Dike,Eddleman,0
Kenton,Edelin,-0.1
Charles,Edge,1.4
Bobby,Edmonds,0
Keith,Edmonson,-0.4
Tyus,Edney,0.7
Bill,Edwards,-0.1
Blue,Edwards,1.9
Carsen,Edwards,-0.2
Corsley,Edwards,-0.1
Doug,Edwards,-0.6
Franklin,Edwards,0.1
James,Edwards,2.0
Jay,Edwards,0.0
John,Edwards,-0.5
Kevin,Edwards,3.3
Shane,Edwards,0.0
Vince,Edwards,0.0
Johnny,Egan,0
Lonnie,Eggleston,0
Bulbs,Ehlers,0
Craig,Ehlo,14.1
Rich,Eichhorst,0
Howard,Eisley,1.3
Obinna,Ekezie,-1.3
Khalid,El-Amin,-0.1
Don,Eliason,0
Mario,Elie,12.5
Ray,Ellefson,0
Henry,Ellenson,-0.3
Wayne,Ellington,1.6
Bob,Elliott,0.0
Sean,Elliott,13.5
Bo,Ellis,-0.3
Boo,Ellis,0
Dale,Ellis,22.9
Harold,Ellis,1.3
Joe,Ellis,-0.3
LaPhonso,Ellis,4.6
LeRon,Ellis,-0.3
Leroy,Ellis,2.8
Monta,Ellis,12.4
Pervis,Ellison,4.4
Len,Elmore,1.6
Francisco,Elson,-1.3
Darrell,Elston,-0.7
Melvin,Ely,-3.1
Joel,Embiid,10.0
Wayne,Embry,0
Andre,Emmett,-0.1
Ned,Endress,0
Chris,Engler,-1.4
Wayne,Englestad,-0.1
A.J.,English,-1.5
Alex,English,38.2
Claude,English,0
Jo Jo,English,-0.5
Kim,English,-0.2
Scott,English,-0.2
Gene,Englund,0
James,Ennis,1.0
Tyler,Ennis,-0.8
Ray,Epps,0.0
Semih,Erden,-0.4
Bo,Erias,0
Keith,Erickson,2.3
Julius,Erving,80.1
Evan,Eschmeyer,-0.5
Jack,Eskridge,0
Vincenzo,Esposito,-0.5
Drew,Eubanks,0.0
Billy,Evans,0
Bob,Evans,0
Brian,Evans,0.3
Earl,Evans,-0.2
Jacob,Evans,-0.8
Jawun,Evans,-0.7
Jeremy,Evans,1.9
Maurice,Evans,2.0
Mike,Evans,-1.1
Reggie,Evans,-2.9
Tyreke,Evans,13.1
Daniel,Ewing,-0.4
Patrick,Ewing,50.1
Patrick,Ewing,0.0
Dante,Exum,-1.5
Christian,Eyenga,-0.6
Festus,Ezeli,0.0
Johnny,Ezersky,0
Joe,Fabel,0
John,Fairchild,0
Tacko,Fall,0.0
Phil,Farbman,0
Kenneth,Faried,7.5
Dick,Farley,0
Jordan,Farmar,3.7
Desmon,Farmer,-0.1
Jim,Farmer,-0.8
Mike,Farmer,0
Tony,Farmer,0.4
Bob,Faught,0
Vítor,Faverani,-0.1
Derrick,Favors,12.7
Nick,Fazekas,0.2
Dave,Fedor,0
Bob,Feerick,0
Butch,Feher,0.3
Jamie,Feick,-0.7
Ron,Feiereisel,0
George,Feigenbaum,0
Dave,Feitl,-2.9
Kay,Felder,-0.4
Cristiano,Felício,-0.4
Carrick,Felix,0.0
Noel,Felix,-0.2
Ray,Felix,0
Raymond,Felton,10.1
Jake,Fendley,0
Warren,Fenley,0
Desmond,Ferguson,0.0
Terrance,Ferguson,-1.8
Rudy,Fernández,5.6
Bruno,Fernando,-0.4
Eric,Fernsten,0.6
Al,Ferrari,0
Rolando,Ferreira,-0.2
Duane,Ferrell,0.5
Yogi,Ferrell,0.7
Arnie,Ferrin,0
Bob,Ferry,0
Danny,Ferry,4.9
Kyrylo,Fesenko,-1.1
Bobby,Fields,0
Kenny,Fields,-0.1
Landry,Fields,2.6
Ron,Filipek,0
Greg,Fillmore,0
Larry,Finch,-1.8
Hank,Finkel,-0.2
Michael,Finley,28.8
Danny,Finn,0
Dorian,Finney-Smith,0.6
Matt,Fish,-0.1
Derek,Fisher,8.9
Richard,Fisher,0
Gerald,Fitch,-0.1
Bob,Fitzgerald,0
Dick,Fitzgerald,0
Marcus,Fizer,-2.6
Jerry,Fleishman,0
Al,Fleming,-0.1
Ed,Fleming,0
Vern,Fleming,15.3
Luis,Flores,0.0
Bruce,Flowers,0.4
Sleepy,Floyd,16.6
Jonny,Flynn,-1.9
Mike,Flynn,0.3
Larry,Fogle,0.0
Jack,Foley,0
Isaac,Fontaine,-0.1
Levi,Fontaine,0
Jeff,Foote,-0.1
Bryn,Forbes,-0.5
Gary,Forbes,0.0
Alphonso,Ford,-0.2
Alton,Ford,-0.6
Bob,Ford,0
Chris,Ford,11.6
Don,Ford,0.4
Jake,Ford,0
Phil,Ford,4.1
Sharrod,Ford,0.0
Sherell,Ford,-0.1
T.J.,Ford,4.6
Donnie,Forman,0
Bayard,Forrest,0.7
Joseph,Forte,-0.2
Courtney,Fortson,-0.1
Danny,Fortson,-2.6
Fred,Foster,-1.4
Greg,Foster,-7.0
Jeff,Foster,6.3
Jimmy,Foster,-1.4
Rod,Foster,-1.1
Antonis,Fotsis,-0.1
Evan,Fournier,3.2
Larry,Foust,0
Calvin,Fowler,0
Jerry,Fowler,0
Tremaine,Fowlkes,0.0
De'Aaron,Fox,2.5
Harold,Fox,0
Jim,Fox,2.8
Rick,Fox,11.7
Randy,Foye,3.8
Adonal,Foyle,1.1
Richie,Frahm,0.5
Steve,Francis,22.7
Tellis,Frank,-2.5
Nat,Frankel,0
Jamaal,Franklin,-0.2
William,Franklin,-0.2
Ronald,Franz,0
Melvin,Frazier,-0.2
Michael,Frazier,-0.1
Tim,Frazier,-0.4
Walt,Frazier,15.5
Will,Frazier,0
Anthony,Frederick,-0.2
Jimmer,Fredette,-0.4
World B.,Free,22.0
Joel,Freeland,-0.6
Donnie,Freeman,1.5
Gary,Freeman,0
Rod,Freeman,-0.2
Matt,Freije,-0.6
Frido,Frey,0
Larry,Friend,0
Pat,Frink,0
Jim,Fritsche,0
Channing,Frye,8.0
Bernie,Fryer,-0.2
Frank,Fucarino,0
Herm,Fuetsch,0
Joe,Fulks,0
Carl,Fuller,0
Hiram,Fuller,-0.1
Todd,Fuller,-2.3
Tony,Fuller,-0.2
Markelle,Fultz,0.0
Lawrence,Funderburke,1.8
Terry,Furlow,2.4
Bill,Gabor,0
Wenyen,Gabriel,-0.1
Dan,Gadzuric,-0.7
Daniel,Gafford,0.1
Deng,Gai,0.0
Elmer,Gainer,0
Bill,Gaines,0
Corey,Gaines,-0.1
David,Gaines,0
Reece,Gaines,-0.6
Sundiata,Gaines,0.6
Mike,Gale,11.8
Chad,Gallagher,0.0
Harry,Gallatin,0
Gene,Gallette,0
Danilo,Gallinari,18.9
Langston,Galloway,1.4
Dave,Gambee,0
Kevin,Gamble,8.1
Bob,Gantt,0
Jorge,Garbajosa,1.2
Rubén,Garcés,-0.1
Alex,Garcia,-0.1
Francisco,García,5.7
Chuck,Gardner,0
Earl,Gardner,0
Kenneth,Gardner,0.0
Thomas,Gardner,-0.2
Vern,Gardner,0
Jack,Garfinkel,0
Patricio,Garino,-0.2
Darius,Garland,-1.7
Gary,Garland,-0.2
Winston,Garland,1.3
Dick,Garmaker,0
Bill,Garner,0
Chris,Garner,-0.7
Bill,Garnett,1.6
Kevin,Garnett,96.9
Marlon,Garnett,-0.2
Billy,Garrett,-0.1
Calvin,Garrett,-0.6
Dean,Garrett,1.1
Diante,Garrett,-0.8
Dick,Garrett,-0.4
Rowland,Garrett,0.0
Tom,Garrick,0.7
John,Garris,0.2
Kiwane,Garris,-0.3
Pat,Garrity,0.4
Jim,Garvin,0.0
Marc,Gasol,35.4
Pau,Gasol,57.5
Frank,Gates,0
Chris,Gatling,3.2
Kenny,Gattison,-1.1
Rudy,Gay,21.6
Ed,Gayda,0
Andrew,Gaze,0.0
Michael,Gbinije,-0.1
Reggie,Geary,-0.1
Alonzo,Gee,-0.4
Matt,Geiger,0.6
Mickaël,Gelabale,0.0
Devean,George,1.4
Jack,George,0
Paul,George,33.1
Tate,George,-0.8
Marcus,Georges-Hunt,-0.2
Gus,Gerard,0.8
Derrick,Gervin,0.3
George,Gervin,40.1
Gorham,Getchell,0
John,Gianelli,4.4
Dick,Gibbs,-1.0
Daniel,Gibson,2.4
Dee,Gibson,0
Hoot,Gibson,0
Jonathan,Gibson,0.0
Mel,Gibson,0
Mike,Gibson,-0.2
Taj,Gibson,6.4
J.R.,Giddens,-0.1
Trey,Gilder,0.0
Harry,Giles,-0.1
Shai,Gilgeous-Alexander,2.9
Eddie,Gill,0.0
Kendall,Gill,15.8
Ben,Gillery,-0.2
Jack,Gillespie,0
Armen,Gilliam,8.8
Herm,Gilliam,3.2
Artis,Gilmore,51.6
Walt,Gilmore,0
Chuck,Gilmur,0
Manu,Ginóbili,47.6
Gordan,Giriček,-1.1
Jack,Givens,0.6
Mickell,Gladness,-0.2
George,Glamack,0
Gerald,Glass,0.1
Mike,Glenn,5.6
Normie,Glick,0
Georgi,Glouchkov,-0.8
Clarence,Glover,0
Dion,Glover,0.3
Andreas,Glyniadakis,-0.2
Mike,Gminski,12.9
Rudy,Gobert,20.1
Dan,Godfread,0.0
Tom,Gola,0
Ben,Goldfaden,0
Anthony,Goldwire,0.3
Ryan,Gomes,1.4
Glen,Gondrezick,4.2
Grant,Gondrezick,-0.3
Drew,Gooden,4.3
Gail,Goodrich,6.0
Steve,Goodrich,-0.3
Archie,Goodwin,-0.6
Brandon,Goodwin,-0.2
Pop,Goodwin,0
Aaron,Gordon,5.5
Ben,Gordon,8.7
Drew,Gordon,-0.1
Eric,Gordon,8.7
Lancaster,Gordon,-2.2
Paul,Gordon,0
Marcin,Gortat,12.7
Leo,Gottlieb,0
Andrew,Goudelock,-0.3
Gerald,Govan,0.8
Bato,Govedarica,0
Joe,Graboski,0
Ricky,Grace,0.0
Calvin,Graham,0
Devonte',Graham,1.0
Greg,Graham,-1.2
Joey,Graham,-2.4
Mal,Graham,0
Orlando,Graham,-0.1
Paul,Graham,1.1
Stephen,Graham,-1.9
Treveon,Graham,-1.3
Jim,Grandholm,0.0
Ron,Grandison,-0.1
Danny,Granger,17.7
Stewart,Granger,-0.7
Brian,Grant,6.3
Bud,Grant,0
Gary,Grant,3.7
Greg,Grant,-0.8
Harvey,Grant,5.7
Horace,Grant,33.1
Jerami,Grant,3.1
Jerian,Grant,0.6
Josh,Grant,0.0
Paul,Grant,-0.2
Travis,Grant,3.1
Donte,Grantham,0.0
Don,Grate,0
Butch,Graves,0.0
Aaron,Gray,-1.5
Devin,Gray,-0.2
Ed,Gray,-0.4
Evric,Gray,-0.1
Gary,Gray,0
Josh,Gray,-0.1
Leonard,Gray,0.9
Stuart,Gray,-1.9
Sylvester,Gray,-0.2
Wyndol,Gray,0
Jeff,Grayer,-1.1
Bob,Greacen,0
A.C.,Green,16.6
Danny,Green,17.9
Devin,Green,-0.2
Draymond,Green,19.5
Erick,Green,-0.2
Gerald,Green,2.4
JaMychal,Green,0.8
Javonte,Green,0.1
Jeff,Green,4.3
Johnny,Green,0
Ken,Green,0.0
Kenny,Green,-0.8
Lamar,Green,-0.9
Litterial,Green,-0.1
Luther,Green,0
Mike,Green,6.6
Rickey,Green,15.0
Sean,Green,-0.8
Si,Green,0
Sidney,Green,-3.9
Steve,Green,-0.6
Taurean,Green,-0.1
Tommie,Green,-0.5
Willie,Green,-2.7
Donté,Greene,-0.9
Orien,Greene,-1.0
Jerry,Greenspan,0
Dave,Greenwood,7.4
Hal,Greer,0
Lynn,Greer,0.1
Gary,Gregor,0.0
Claude,Gregory,-0.2
John,Greig,0.0
Norm,Grekin,0
Kevin,Grevey,2.9
Dennis,Grey,0
Adrian,Griffin,4.5
Blake,Griffin,31.9
Eddie,Griffin,2.8
Greg,Griffin,-0.5
Paul,Griffin,5.9
Taylor,Griffin,-0.1
Darrell,Griffith,3.4
Chuck,Grigsby,0
Derek,Grimm,0.0
Woody,Grimshaw,0
Dick,Groat,0
Bob,Gross,12.2
Mike,Grosso,0
Jerry,Grote,0
Alex,Groza,0
Dick,Grubar,0
Anthony,Grundy,0.0
Ernie,Grunfeld,4.9
Gene,Guarilia,0
Pétur,Guðmundsson,-0.8
Marko,Guduric,-0.2
Richie,Guerin,0
Tom,Gugliotta,15.3
Andrés,Guibert,-0.3
Jay,Guidinger,-0.3
Coulby,Gunther,0
Dave,Gunther,0
Al,Guokas,0
Matt,Guokas,0
Matt,Guokas,0.2
Jorge,Gutiérrez,-0.2
Kyle,Guy,0.0
A.J.,Guyton,-0.3
Rui,Hachimura,-0.3
Rudy,Hackett,-0.2
Hamed,Haddadi,-0.5
Jim,Hadnot,0
Scott,Haffner,-0.5
Cliff,Hagan,0
Glenn,Hagan,0.0
Tom,Hagan,0
Robert,Hahn,0
Al,Hairston,0
Happy,Hairston,3.1
Lindsay,Hairston,0.1
Malik,Hairston,0.0
P.J.,Hairston,-1.0
Marcus,Haislip,-0.6
Chick,Halbert,0
Swede,Halbrook,0
Bruce,Hale,0
Hal,Hale,0
Jack,Haley,-3.9
Shaler,Halimon,0
Devon,Hall,0.0
Donta,Hall,-0.1
Mike,Hall,0.0
Jeff,Halliburton,0
Darvin,Ham,-1.9
Steve,Hamer,-0.3
Dale,Hamilton,0
Daniel,Hamilton,-0.1
Dennis,Hamilton,0
Joe,Hamilton,0.6
Jordan,Hamilton,1.0
Justin,Hamilton,0.5
Ralph,Hamilton,0
Richard,Hamilton,13.2
Roy,Hamilton,-0.7
Steve,Hamilton,0
Tang,Hamilton,0.0
Thomas,Hamilton,-0.4
Zendon,Hamilton,-0.8
Geert,Hammink,0.0
Julian,Hammond,0
Tom,Hammonds,-4.7
A.J.,Hammons,-0.2
Joe,Hamood,0
Darrin,Hancock,-0.5
Ben,Handlogten,-0.2
Cecil,Hankins,0
Phil,Hankinson,0.1
Dusty,Hannahs,0.0
Alex,Hannum,0
Don,Hanrahan,0
Rollen,Hans,0
Ben,Hansbrough,-0.1
Tyler,Hansbrough,0.0
Bob,Hansen,-1.2
Glenn,Hansen,-0.4
Lars,Hansen,0.1
Travis,Hansen,-0.5
Reggie,Hanson,0.0
Bill,Hanzlik,2.2
Luke,Harangody,-0.3
Anfernee,Hardaway,26.9
Tim,Hardaway,39.6
Tim,Hardaway,3.2
James,Harden,63.6
Reggie,Harding,0
Charlie,Hardnett,0
Alan,Hardy,-0.3
Darrell,Hardy,0
James,Hardy,1.0
Ira,Harge,0
John,Hargis,0
Maurice,Harkless,4.7
Jerry,Harkness,0
Skip,Harlicka,0
Jerome,Harmon,0.0
Derek,Harper,35.7
Jared,Harper,0.0
Justin,Harper,-0.2
Mike,Harper,-0.2
Ron,Harper,30.3
Matt,Harpring,6.2
Montrezl,Harrell,7.7
Josh,Harrellson,0.4
Adam,Harrington,-0.1
Al,Harrington,3.7
Junior,Harrington,-2.2
Othella,Harrington,-4.9
Art,Harris,0
Bernie,Harris,-0.1
Billy,Harris,-0.8
Bob,Harris,0
Chris,Harris,0
Devin,Harris,15.5
Elias,Harris,0.0
Gary,Harris,3.0
Joe,Harris,2.3
Lucious,Harris,4.5
Manny,Harris,-0.5
Mike,Harris,0.1
Steve,Harris,-0.4
Terrel,Harris,-0.6
Tobias,Harris,13.8
Tony,Harris,-0.1
Aaron,Harrison,-0.5
Andrew,Harrison,-0.6
Bob,Harrison,0
David,Harrison,-1.7
Shaquille,Harrison,1.0
Jason,Hart,1.0
Josh,Hart,1.6
Isaiah,Hartenstein,0.1
Antonio,Harvey,-1.5
Donnell,Harvey,-0.5
Scott,Haskin,0.0
Clem,Haskins,1.5
Udonis,Haslem,0.2
Trenton,Hassell,-3.7
Billy,Hassett,0
Joe,Hassett,1.1
Scott,Hastings,-1.2
Kirk,Haston,-0.4
Vern,Hatton,0
John,Havlicek,11.5
Spencer,Hawes,3.4
Steve,Hawes,9.9
Bubbles,Hawkins,1.4
Connie,Hawkins,4.9
Hersey,Hawkins,32.6
Juaquin,Hawkins,-0.1
Marshall,Hawkins,0
Michael,Hawkins,-0.4
Tom,Hawkins,0
Nate,Hawthorne,-0.7
Chuck,Hayes,5.2
Elvin,Hayes,21.4
Jarvis,Hayes,-1.3
Jaxson,Hayes,0.5
Jim,Hayes,0
Nigel,Hayes,-0.1
Steve,Hayes,-0.9
Gordon,Hayward,20.8
Lazar,Hayward,-0.3
Brendan,Haywood,2.9
Spencer,Haywood,7.7
John,Hazen,0
Walt,Hazzard,0.0
Luther,Head,4.2
Shane,Heal,-0.3
Brian,Heaney,0
Gar,Heard,6.3
Reggie,Hearn,0.0
Herm,Hedderick,0
Alvin,Heggs,0.0
Tom,Heinsohn,0
Dick,Hemric,0
Alan,Henderson,0.6
Cedric,Henderson,0.0
Cedric,Henderson,-1.3
Dave,Henderson,-0.4
Gerald,Henderson,7.3
Gerald,Henderson,0.6
J.R.,Henderson,-0.2
Jerome,Henderson,-0.1
Kevin,Henderson,-0.3
Tom,Henderson,4.4
Mark,Hendrickson,-0.7
Larry,Hennessy,0
Don,Henriksen,0
Al,Henry,0
Bill,Henry,0
Carl,Henry,0.0
Conner,Henry,-0.3
Myke,Henry,0.1
Skeeter,Henry,0.0
Xavier,Henry,-1.7
John,Henson,3.4
Steve,Henson,0.1
Charles,Hentz,0
Bill,Herman,0
Kleggie,Hermsen,0
Dewan,Hernandez,-0.1
Juan,Hernangómez,0.4
Willy,Hernangómez,1.6
Chris,Herren,-0.6
Carl,Herrera,-3.4
Walter,Herrmann,0.9
Tyler,Herro,-0.1
Keith,Herron,0.1
Sonny,Hertzberg,0
Kevin,Hervey,-0.1
Dan,Hester,0
Fred,Hetzel,0
Bill,Hewitt,0.1
Jack,Hewson,0
Art,Heyman,0
Mario,Hezonja,-1.2
Roy,Hibbert,3.5
Nat,Hickey,0
Isaiah,Hicks,-0.3
Phil,Hicks,-0.1
J.J.,Hickson,0.5
Buddy,Hield,6.0
Bill,Higgins,-0.4
Cory,Higgins,-0.9
Earle,Higgins,0
Mike,Higgins,-0.1
Rod,Higgins,8.8
Sean,Higgins,-2.3
Kenny,Higgs,-0.6
Johnny,High,0.5
Haywood,Highsmith,-0.1
Wayne,Hightower,0
Nenê,Hilário,18.8
Armond,Hill,-0.9
Cleo,Hill,0
Gary,Hill,0
George,Hill,18.9
Grant,Hill,43.6
Jordan,Hill,0.0
Simmie,Hill,-0.1
Solomon,Hill,-0.1
Steven,Hill,0.0
Tyrone,Hill,0.8
Art,Hillhouse,0
Darrun,Hilliard,-0.6
Darnell,Hillman,2.7
Fred,Hilton,0
Kirk,Hinrich,13.3
Roy,Hinson,3.4
Mel,Hirsch,0
Lew,Hitch,0
Robert,Hite,-0.1
Jaylen,Hoard,0.0
Darington,Hobson,-0.1
Donald,Hodge,-2.0
Julius,Hodge,0.0
Craig,Hodges,4.0
Charlie,Hoefer,0
Paul,Hoffman,0
Bob,Hogsett,0
Paul,Hogue,0
Fred,Hoiberg,8.0
Doug,Holcomb,0
Randy,Holcomb,0.0
Aaron,Holiday,0.2
Jrue,Holiday,19.2
Justin,Holiday,2.1
Brad,Holland,-0.3
Joe,Holland,0
John,Holland,-0.2
Wilbur,Holland,3.3
Lionel,Hollins,3.1
Ryan,Hollins,-3.2
Essie,Hollis,-0.1
Rondae,Hollis-Jefferson,2.2
Dennis,Holman,0
Richaun,Holmes,3.3
Jim,Holstein,0
A.W.,Holt,0
Mike,Holton,-1.2
Dick,Holub,0
Joe,Holup,0
Red,Holzman,0
Jerald,Honeycutt,-0.2
Tyler,Honeycutt,-0.1
Derek,Hood,0.0
Rodney,Hood,3.4
Bobby,Hooper,0
Carroll,Hooser,0
Tom,Hoover,0
Bob,Hopkins,0
Dave,Hoppen,-1.4
Dennis,Hopson,0.7
Scotty,Hopson,-0.1
Johnny,Horan,0
Cedrick,Hordges,-1.6
Al,Horford,33.4
Tito,Horford,-0.7
Ron,Horn,0
Jeff,Hornacek,42.1
Dennis,Horner,0.0
Robert,Horry,26.4
Ed,Horton,-0.3
Talen,Horton-Tucker,0.0
Bill,Hosket,0
Bob,Houbregs,0
Danuel,House,1.1
Eddie,House,6.1
Allan,Houston,14.9
Byron,Houston,-1.3
Tom,Hovasse,0.0
Brian,Howard,-0.7
Dwight,Howard,38.4
Greg,Howard,0
Josh,Howard,10.0
Juwan,Howard,3.8
Mo,Howard,0.2
Otis,Howard,-0.1
Stephen,Howard,-0.2
William,Howard,-0.1
Bailey,Howell,0
Bob,Hubbard,0
Phil,Hubbard,1.4
Lester,Hudson,0.0
Lou,Hudson,6.8
Troy,Hudson,-0.3
Marcelo,Huertas,-0.8
Kevin,Huerter,0.0
Josh,Huestis,-0.4
Nate,Huffman,-0.1
Alfredrick,Hughes,-0.8
Eddie,Hughes,-0.1
Kim,Hughes,3.1
Larry,Hughes,10.7
Rick,Hughes,-0.2
Robbie,Hummel,-0.4
John,Hummer,-0.2
Ryan,Humphrey,-1.2
Isaac,Humphries,-0.1
Jay,Humphries,11.0
Kris,Humphries,1.2
Hot Rod,Hundley,0
Brandon,Hunter,-0.3
Cedric,Hunter,0.0
Chris,Hunter,-0.4
De'Andre,Hunter,-1.4
Les,Hunter,0
Lindsey,Hunter,9.4
Othello,Hunter,-0.1
R.J.,Hunter,0.0
Steven,Hunter,-0.5
Vince,Hunter,0.0
Bobby,Hurley,-3.5
Roy,Hurley,0
Geoff,Huston,0.0
Paul,Huston,0
Mel,Hutchins,0
Chandler,Hutchison,-0.5
Joe,Hutton,0
Greg,Hyder,0
Marc,Iavaroni,-3.4
Serge,Ibaka,14.9
Andre,Iguodala,40.0
Zydrunas,Ilgauskas,10.3
Mile,Ilić,-0.1
Didier,Ilunga-Mbenga,-0.7
Ersan,İlyasova,8.9
Darrall,Imhoff,0
Tom,Ingelsby,0.0
Joe,Ingles,9.2
Damien,Inglis,-0.1
Andre,Ingram,0.0
Brandon,Ingram,1.1
McCoy,Ingram,0
Ervin,Inniger,0
Byron,Irvin,0.6
George,Irvine,1.9
Kyrie,Irving,29.2
Jonathan,Isaac,1.9
Dan,Issel,33.9
Mike,Iuzzolino,0.1
Allen,Iverson,49.7
Willie,Iverson,0
Royal,Ivey,-2.7
Elvin,Ivory,0
Wesley,Iwundu,-1.2
Warren,Jabali,2.4
Jarrett,Jack,6.5
Aaron,Jackson,-0.1
Al,Jackson,0
Bobby,Jackson,10.0
Cedric,Jackson,-0.1
Darnell,Jackson,-0.8
Demetrius,Jackson,0.1
Frank,Jackson,-1.4
Greg,Jackson,-0.6
Jaren,Jackson,1.4
Jaren,Jackson,1.5
Jermaine,Jackson,-0.5
Jim,Jackson,8.2
Josh,Jackson,-2.2
Justin,Jackson,-0.6
Luke,Jackson,0
Luke,Jackson,-0.3
Marc,Jackson,-1.4
Mark,Jackson,37.5
Mervin,Jackson,0
Michael,Jackson,-0.6
Mike,Jackson,-0.8
Myron,Jackson,0.0
Phil,Jackson,2.4
Pierre,Jackson,-0.1
Ralph,Jackson,0.0
Randell,Jackson,-0.2
Reggie,Jackson,8.7
Stanley,Jackson,0.1
Stephen,Jackson,11.2
Tony,Jackson,0
Tony,Jackson,0.0
Tracy,Jackson,0.2
Wardell,Jackson,-0.7
Fred,Jacobs,0
Casey,Jacobsen,-0.3
Sam,Jacobson,-0.4
Dave,Jamerson,-0.3
Aaron,James,-0.6
Bernard,James,0.0
Billy,James,0.0
Damion,James,-0.3
Gene,James,0
Henry,James,-1.2
Jerome,James,-3.5
Justin,James,0.1
LeBron,James,133.2
Mike,James,4.6
Mike,James,0.1
Tim,James,-0.3
Antawn,Jamison,24.5
Harold,Jamison,-0.1
John,Janisch,0
Howie,Janotta,0
Marko,Jarić,3.8
Tony,Jaros,0
Jim,Jarvis,0
Šarūnas,Jasikevičius,0.7
Nathan,Jawai,-0.3
Buddy,Jeannette,0
Abdul,Jeelani,1.4
Chris,Jefferies,-0.8
Othyus,Jeffers,0.0
Al,Jefferson,21.3
Amile,Jefferson,0.0
Cory,Jefferson,-0.2
Dontell,Jefferson,0.0
Richard,Jefferson,19.4
DaQuan,Jeffries,0.0
Jared,Jeffries,-1.5
Charles,Jenkins,-0.8
Horace,Jenkins,-0.1
John,Jenkins,0.1
Brandon,Jennings,11.8
Keith,Jennings,2.5
Chris,Jent,0.0
Les,Jepsen,-0.3
Jonas,Jerebko,2.9
Ty,Jerome,-0.1
Grant,Jerrett,-0.1
Eugene,Jeter,-0.3
Hal,Jeter,0
Yi,Jianlian,-3.5
Britton,Johnsen,-0.6
Alexander,Johnson,-0.9
Alize,Johnson,-0.1
Amir,Johnson,10.6
Andy,Johnson,0
Anthony,Johnson,1.9
Armon,Johnson,-0.2
Arnie,Johnson,0
Avery,Johnson,13.7
B.J.,Johnson,-0.1
Brice,Johnson,0.0
Buck,Johnson,1.7
Cameron,Johnson,0.5
Carldell,Johnson,0.0
Charles,Johnson,1.3
Cheese,Johnson,-0.1
Chris,Johnson,0.0
Chris,Johnson,0.3
Clay,Johnson,-0.3
Clemon,Johnson,4.1
Dakari,Johnson,0.1
Darryl,Johnson,0.0
Dave,Johnson,-0.7
DeMarco,Johnson,-0.1
Dennis,Johnson,24.3
DerMarr,Johnson,0.6
Ed,Johnson,0
Eddie,Johnson,12.1
Eddie,Johnson,11.0
Eric,Johnson,-0.3
Ervin,Johnson,2.6
Frank,Johnson,2.4
George,Johnson,-0.1
George,Johnson,9.4
George,Johnson,1.4
Gus,Johnson,0
Harold,Johnson,0
Ivan,Johnson,0.1
JaJuan,Johnson,-0.1
James,Johnson,9.3
Joe,Johnson,26.4
John,Johnson,5.4
Kannard,Johnson,0.0
Keldon,Johnson,0.0
Ken,Johnson,-0.6
Ken,Johnson,-0.2
Kevin,Johnson,37.3
Larry,Johnson,0.0
Larry,Johnson,21.9
Lee,Johnson,-0.2
Linton,Johnson,-0.3
Magic,Johnson,80.0
Marques,Johnson,31.7
Mickey,Johnson,17.7
Neil,Johnson,0
Nick,Johnson,-0.3
Ollie,Johnson,5.0
Omari,Johnson,0.0
Orlando,Johnson,-0.1
Ralph,Johnson,0
Reggie,Johnson,-0.5
Rich,Johnson,0
Ron,Johnson,0
Stanley,Johnson,-1.5
Steffond,Johnson,-0.5
Steve,Johnson,1.1
Stew,Johnson,0.1
Trey,Johnson,-0.2
Tyler,Johnson,3.9
Vinnie,Johnson,16.4
Wesley,Johnson,1.2
Darius,Johnson-Odom,-0.1
Nate,Johnston,-0.1
Neil,Johnston,0
Jim,Johnstone,-0.2
Nikola,Jokić,25.0
Howie,Jolliff,0
Alvin,Jones,-0.2
Anthony,Jones,-0.3
Askia,Jones,-0.2
Bill,Jones,0.1
Bobby,Jones,41.0
Bobby,Jones,-0.5
Caldwell,Jones,10.6
Charles,Jones,4.0
Charles,Jones,0.8
Charles,Jones,-0.5
Collis,Jones,0.9
Dahntay,Jones,-4.1
Damian,Jones,0.2
Damon,Jones,7.1
DeQuan,Jones,-0.5
Derrick,Jones,1.2
Dominique,Jones,-0.1
Dontae',Jones,-0.2
Dwayne,Jones,-0.4
Dwight,Jones,1.6
Earl,Jones,-0.1
Eddie,Jones,42.3
Edgar,Jones,2.2
Fred,Jones,2.6
Hutch,Jones,-0.1
Jake,Jones,0
Jalen,Jones,-0.3
James,Jones,5.4
Jemerrio,Jones,0.1
Jimmy,Jones,4.3
Johnny,Jones,0
Jumaine,Jones,2.1
K.C.,Jones,0
Kevin,Jones,-0.2
Larry,Jones,0.9
Major,Jones,-0.8
Mark,Jones,0.0
Mark,Jones,-0.1
Nick,Jones,0
Ozell,Jones,0.2
Perry,Jones,-0.6
Popeye,Jones,-2.1
Rich,Jones,1.5
Robin,Jones,0.5
Sam,Jones,0
Shelton,Jones,-0.2
Solomon,Jones,-1.6
Steve,Jones,-1.9
Terrence,Jones,3.6
Tyus,Jones,2.8
Wah Wah,Jones,0
Wali,Jones,-0.5
Wil,Jones,4.5
Willie,Jones,0
Adonis,Jordan,0.0
Charles,Jordan,-0.7
DeAndre,Jordan,20.9
Eddie,Jordan,3.6
Jerome,Jordan,0.1
Michael,Jordan,116.1
Reggie,Jordan,1.0
Thomas,Jordan,-0.2
Walter,Jordan,-0.2
Phil,Jordon,0
Johnny,Jorgensen,0
Noble,Jorgensen,0
Roger,Jorgensen,0
Cory,Joseph,3.9
Garth,Joseph,-0.1
Kris,Joseph,-0.1
Yvon,Joseph,0.0
Kevin,Joyce,-2.0
Butch,Joyner,0
Jeff,Judkins,0.8
Mfiondu,Kabengele,0.1
Whitey,Kachan,0
George,Kaftan,0
Ed,Kalafat,0
Chris,Kaman,0.4
Frank,Kaminsky,2.5
Enes,Kanter,6.3
Ralph,Kaplowitz,0
Jason,Kapono,-1.3
Tony,Kappen,0
Sergey,Karasev,-0.4
Coby,Karl,-0.1
George,Karl,1.4
Ed,Kasid,0
Mario,Kasun,-0.7
Leo,Katkaveck,0
Bob,Kauffman,0.5
Sasha,Kaun,0.0
Wilbert,Kautz,0
Clarence,Kea,-0.2
Mike,Kearns,0
Tommy,Kearns,0
Adam,Keefe,1.7
Harold,Keeling,0.0
Bill,Keller,3.0
Gary,Keller,0
Ken,Keller,0
Rich,Kelley,12.7
Clark,Kellogg,7.3
Arvesta,Kelly,0
Jerry,Kelly,0
Ryan,Kelly,-0.5
Tom,Kelly,0
Greg,Kelser,0.4
Ben,Kelso,-0.2
Shawn,Kemp,19.4
Tim,Kempton,-1.7
Frank,Kendrick,0.0
Luke,Kennard,1.2
D.J.,Kennedy,-0.1
Goo,Kennedy,1.7
Joe,Kennedy,0
Pickles,Kennedy,0
Larry,Kenon,11.8
Billy,Kenville,0
Jonathan,Kerner,0.0
Red,Kerr,0
Steve,Kerr,11.6
Jack,Kerris,0
Jerome,Kersey,19.3
Tom,Kerwin,0
Alec,Kessler,-2.8
Lari,Ketner,-0.2
Julius,Keye,1.3
Randolph,Keys,-1.6
Viktor,Khryapa,-0.9
Jason,Kidd,73.4
Stanton,Kidd,-0.1
Warren,Kidd,-0.5
Michael,Kidd-Gilchrist,0.6
Irv,Kiffin,-0.5
Jack,Kiley,0
Earnie,Killum,0
Carl,Kilpatrick,0.0
Sean,Kilpatrick,-0.3
Toby,Kimball,0.2
Bo,Kimble,-1.2
Stan,Kimbrough,0.0
Chad,Kinch,-0.3
Albert,King,1.1
Bernard,King,27.0
Chris,King,-0.4
Dan,King,0
Frankie,King,-0.1
George,King,0
George,King,0.0
Gerard,King,0.1
Jim,King,0
Jimmy,King,-0.6
Louis,King,-0.1
Loyd,King,0
Maurice,King,0
Reggie,King,4.6
Rich,King,-0.4
Ron,King,0.0
Stacey,King,-2.7
Tom,King,0
Bob,Kinney,0
Tarence,Kinsey,-0.1
Andrei,Kirilenko,41.7
Alex,Kirk,0.0
Walt,Kirk,0
Wilber,Kirkland,0
Jim,Kissane,0
Doug,Kistler,0
Curtis,Kitchen,0.1
Greg,Kite,-6.7
Kerry,Kittles,18.0
Maxi,Kleber,2.5
Joe,Kleine,-7.0
Linas,Kleiza,-0.7
Leo,Klier,0
Herm,Klotz,0
Duane,Klueh,0
Lonnie,Kluttz,0
Billy,Knight,19.0
Bob,Knight,0
Brandin,Knight,0.0
Brandon,Knight,1.5
Brevin,Knight,10.5
Negele,Knight,-1.1
Ron,Knight,0
Toby,Knight,2.1
Travis,Knight,-1.1
Lee,Knorek,0
Dick,Knostman,0
Rod,Knowles,0
Kevin,Knox,-2.7
Bart,Kofoed,-0.6
Don,Kojis,1.1
Milo,Komenich,0
Howard,Komives,-0.4
Jon,Koncak,3.3
John,Konchar,0.3
Tom,Kondla,0
Bud,Koper,0
Joe,Kopicki,0.5
Furkan,Korkmaz,0.1
Frank,Kornet,-0.6
Luke,Kornet,1.1
Yaroslav,Korolev,-0.1
Kyle,Korver,20.6
Tony,Koski,0
Len,Kosmalski,0.0
Andy,Kostecka,0
Harold,Kottman,0
Kosta,Koufos,2.0
Tom,Kozelko,-0.3
Ronald,Kozlicki,0
Arvid,Kramer,-0.1
Barry,Kramer,0
Joel,Kramer,0.8
Steven,Kramer,0
Dan,Kraus,0
Herb,Krautblatt,0
Viacheslav,Kravtsov,-0.1
Jim,Krebs,0
Wayne,Kreklow,-0.3
Tommy,Kron,0
Tom,Kropp,-0.3
Nenad,Krstić,-1.5
Larry,Krystkowiak,-1.6
Steve,Kuberski,-0.5
Leo,Kubiak,0
Bruce,Kuczenski,-0.3
Frank,Kudelka,0
John,Kuester,0.1
Ray,Kuka,0
Toni,Kukoč,27.2
Kevin,Kunnert,2.4
Terry,Kunze,0
Mitch,Kupchak,3.2
C.J.,Kupec,-0.5
Rodions,Kurucs,-0.3
Rob,Kurz,-0.1
Ibo,Kutluay,-0.1
Kyle,Kuzma,0.6
Ognjen,Kuzmić,-0.2
Mindaugas,Kuzminskas,0.0
Fred,LaCour,0
Raef,LaFrentz,9.8
Tom,LaGarde,-1.6
Rusty,LaRue,-0.7
Rudy,LaRusso,0
Zach,LaVine,3.8
Skal,Labissière,-0.2
Reggie,Lacefield,0
Edgar,Lacey,0
Sam,Lacey,25.9
Bob,Lackey,0.0
Wendell,Ladner,-0.6
Christian,Laettner,19.5
Oliver,Lafayette,0.0
Bill,Laimbeer,29.3
Pete,Lalich,0
Bo,Lamar,1.2
Doron,Lamb,-1.2
Jeremy,Lamb,7.0
John,Lambert,-1.5
Jeff,Lamp,-0.5
Maciej,Lampe,-0.8
Jim,Lampley,0.0
Sean,Lampley,0.0
Carl,Landry,5.0
Marcus,Landry,-0.1
Mark,Landsberger,-1.9
Jerome,Lane,-1.3
Andrew,Lang,0.7
Antonio,Lang,-0.6
James,Lang,-0.1
Trajan,Langdon,0.4
Keith,Langford,0.0
Romeo,Langford,-0.2
Dan,Langhi,-0.8
Bob,Lanier,39.4
Stu,Lantz,-0.1
Nicolás,Laprovíttola,-0.1
York,Larese,0
Shane,Larkin,-0.6
John,Laskowski,0.0
Stéphane,Lasme,-0.2
Dave,Lattin,0
Priest,Lauderdale,-0.8
Rich,Laurel,-0.1
Harry,Laurie,0
Walt,Lautenbach,0
Joffrey,Lauvergne,-0.1
Tony,Lavelli,0
Bob,Lavoy,0
Acie,Law,-1.1
Vic,Law,-0.1
Gani,Lawal,0.0
Edmund,Lawrence,0.0
Jason,Lawson,0.1
Ty,Lawson,13.6
Jake,Layman,-0.1
Mo,Layton,-0.3
Caris,LeVert,1.8
T.J.,Leaf,0.1
Manny,Leaks,-0.3
Hal,Lear,0
Allen,Leavell,9.8
Jeff,Lebo,0.0
Eric,Leckner,-4.6
Jalen,Lecque,0.0
Ricky,Ledo,-0.4
Butch,Lee,0.3
Clyde,Lee,-0.4
Courtney,Lee,7.9
Damion,Lee,-0.1
David,Lee,0
David,Lee,19.2
Dick,Lee,0
Doug,Lee,0.0
George,Lee,0
Greg,Lee,0.0
Keith,Lee,-0.7
Kurk,Lee,-0.3
Malcolm,Lee,-0.1
Rock,Lee,0.0
Ron,Lee,3.9
Russ,Lee,0.0
Ed,Leede,0
Hank,Lefkowitz,0
Tim,Legler,2.5
George,Lehmann,-0.3
Walt,Lemon,-0.1
Alex,Len,-0.1
Voshon,Lenard,7.9
Leary,Lentz,0
Gary,Leonard,-0.2
Kawhi,Leonard,35.7
Meyers,Leonard,1.1
Slick,Leonard,0
Jim,Les,1.4
Travis,Leslie,0.0
Ronnie,Lester,0.9
Clifford,Lett,-0.2
Jon,Leuer,2.0
Andrew,Levane,0
Fat,Lever,32.1
Cliff,Levingston,7.6
Bobby,Lewis,0
Cedric,Lewis,0.0
Freddie,Lewis,0
Freddie,Lewis,2.5
Grady,Lewis,0
Martin,Lewis,-0.2
Mike,Lewis,0.0
Quincy,Lewis,-1.4
Ralph,Lewis,-0.3
Rashard,Lewis,33.1
Reggie,Lewis,12.5
Marcus,Liberty,-0.7
Todd,Lichti,-0.5
Barry,Liebowitz,0
DeAndre,Liggins,-0.1
Bill,Ligon,-0.2
Goose,Ligon,-0.1
Damian,Lillard,36.9
Jeremy,Lin,6.2
Steve,Lingenfelter,-0.1
Alton,Lister,3.1
Nassir,Little,-0.2
Samuel,Little,0
Gene,Littles,1.8
Randy,Livingston,-0.3
Shaun,Livingston,4.3
Ron,Livingstone,0
Horacio,Llamas Grey,-0.2
Bobby,Lloyd,0
Chuck,Lloyd,0
Earl,Lloyd,0
Lewis,Lloyd,6.6
Scott,Lloyd,-3.4
Riney,Lochmann,0
Bob,Lochmueller,0
Rob,Lock,-0.2
Darrell,Lockhart,0.0
Ian,Lockhart,0.0
Kevin,Loder,0.2
Don,Lofgran,0
Zach,Lofton,0.0
Henry,Logan,0
John,Logan,0
Brad,Lohaus,3.5
Art,Long,-1.0
Grant,Long,10.2
John,Long,3.7
Paul,Long,0
Shawn,Long,0.2
Willie,Long,0.0
Luc,Longley,-1.9
Kevon,Looney,1.1
Brook,Lopez,20.4
Felipe,López,-0.5
Raül,López,-0.2
Robin,Lopez,4.8
Ryan,Lorthridge,-0.1
Jim,Loscutoff,0
Plummer,Lott,0
Kevin,Loughery,0
Bob,Love,0.4
Kevin,Love,31.0
Stan,Love,-0.3
Clyde,Lovellette,0
Sidney,Lowe,0.3
Charlie,Lowery,0
Kyle,Lowry,38.0
Jordan,Loyd,0.0
Al,Lucas,0
Jerry,Lucas,1.4
John,Lucas,21.1
Kalin,Lucas,0.0
Maurice,Lucas,13.0
John,Lucas,0.6
Ted,Luckenbill,0
Tyronn,Lue,0.6
Jim,Luisi,0
Al,Lujack,0
Phil,Lumpkin,-0.3
Ray,Lumpp,0
Timothé,Luwawu-Cabarrot,-2.0
Tyler,Lydon,-0.1
Trey,Lyles,1.3
R.B.,Lynam,0
George,Lynch,7.3
Kevin,Lynch,-0.7
Lonnie,Lynn,0
Mike,Lynn,0
Sheldon,Mac,0.0
Todd,MacCulloch,2.0
Ronnie,MacGilvray,0
Don,MacLean,-0.9
Mike,Macaluso,-0.1
Ed,Macauley,0
Scott,Machado,0.0
Arvydas,Macijauskas,-0.1
Ollie,Mack,0.3
Sam,Mack,0.5
Shelvin,Mack,0.1
Malcolm,Mackey,-0.1
Rudy,Macklin,-1.1
Vernon,Macklin,0.1
Johnny,Macknowski,0
Daryl,Macon,-0.2
Mark,Macon,-2.2
J.P.,Macura,0.0
Kyle,Macy,9.6
Jack,Maddox,0
Tito,Maddox,0.0
Gerald,Madkins,0.0
Mark,Madsen,-2.9
Norm,Mager,0
Josh,Magette,-0.1
Corey,Maggette,13.3
Dave,Magley,-0.1
Jamaal,Magloire,-3.1
Randolph,Mahaffey,0
Ian,Mahinmi,0.1
John,Mahnken,0
Brian,Mahoney,0
Mo,Mahoney,0
Rick,Mahorn,4.5
Dan,Majerle,29.6
Renaldo,Major,-0.1
Thon,Maker,-0.2
Lionel,Malamed,0
Jeff,Malone,4.0
Karl,Malone,99.0
Moses,Malone,45.1
Matt,Maloney,1.2
Steve,Malovic,-0.2
Mike,Maloy,0
Ted,Manakas,0.0
John,Mandic,0
Frank,Mangiapane,0
Terance,Mann,-0.1
Danny,Manning,18.4
Ed,Manning,0.7
Guy,Manning,0
Rich,Manning,-0.8
Pace,Mannion,0.0
Nick,Mantis,0
Pete,Maravich,8.9
Press,Maravich,0
Devyn,Marble,-0.4
Roy,Marble,-0.3
Stephon,Marbury,30.7
Šarūnas,Marčiulionis,4.7
Saul,Mariaschin,0
Jack,Marin,0.5
Shawn,Marion,47.6
Boban,Marjanović,2.8
Lauri,Markkanen,2.2
Damir,Markota,-0.3
Sean,Marks,-1.7
Harvey,Marlatt,0
Jim,Marsh,0
Ricky,Marsh,-0.2
Donny,Marshall,-0.4
Donyell,Marshall,19.8
Kendall,Marshall,-1.1
Rawle,Marshall,-0.2
Tom,Marshall,0
Vester,Marshall,-0.2
Bill,Martin,-0.5
Bob,Martin,-0.5
Brian,Martin,-0.1
Caleb,Martin,0.1
Cartier,Martin,-0.1
Cody,Martin,0.0
Cuonzo,Martin,0.0
Darrick,Martin,-1.1
Dino,Martin,0
Don,Martin,0
Fernando,Martín,-0.3
Jarell,Martin,-1.7
Jeff,Martin,-0.8
Jeremiah,Martin,0.0
Kelan,Martin,-0.3
Kenyon,Martin,12.1
Kevin,Martin,16.1
LaRue,Martin,-1.4
Maurice,Martin,-0.4
Phil,Martin,0
Slater,Martin,0
Whitey,Martin,0
Jamal,Mashburn,13.4
Al,Masino,0
Anthony,Mason,23.2
Desmond,Mason,-2.1
Frank,Mason,-0.3
Roger,Mason,1.4
Tony,Massenburg,-7.8
Eddie,Mast,0
Yante,Maten,0.0
Garrison,Mathews,0.1
Mangok,Mathiang,0.0
Johnny,Mathis,0
Wes,Matthews,1.8
Wesley,Matthews,13.2
Ariel,Maughan,0
Marlon,Maxey,-0.3
Jason,Maxiell,-1.4
Cedric,Maxwell,22.1
Vernon,Maxwell,5.1
Don,May,-0.3
Scott,May,2.7
Sean,May,0.2
Lee,Mayberry,-2.3
Clyde,Mayes,-0.5
Tharon,Mayes,-0.2
Bill,Mayfield,-0.1
Ken,Mayfield,-0.2
Eric,Maynor,-0.8
O.J.,Mayo,4.7
Travis,Mays,-0.5
Matt,Mazza,0
Luc,Mbah a Moute,2.0
Bob,McAdoo,27.2
James Michael,McAdoo,0.0
Ken,McBride,0
Tahjere,McCall,0.0
Ray,McCallum,-0.4
Bob,McCann,-1.1
Brendan,McCann,0
Mel,McCants,-0.1
Rashad,McCants,0.4
Mike,McCarron,0
Andre,McCarter,-0.2
Willie,McCarter,0
Johnny,McCarthy,0
Howie,McCarty,0
Kelly,McCarty,0.0
Walter,McCarty,0.8
Amal,McCaskill,-0.7
Patrick,McCaw,-0.7
Dwayne,McClain,-0.2
Ted,McClain,4.8
Dan,McClintock,-0.1
Jack,McCloskey,0
George,McCloud,5.3
CJ,McCollum,11.1
John,McConathy,0
Bucky,McConnell,0
T.J.,McConnell,2.8
Keith,McCord,0.0
Tim,McCormick,0.0
Jelani,McCoy,-0.9
Paul,McCracken,-0.1
Chris,McCray,-0.1
Rodney,McCray,19.1
Scooter,McCray,-0.2
Erik,McCree,0.0
Chris,McCullough,-0.1
John,McCullough,0.1
Clint,McDaniel,0.1
Xavier,McDaniel,9.6
Jalen,McDaniels,-0.1
Jim,McDaniels,-0.6
K.J.,McDaniels,-0.4
Doug,McDermott,-0.1
Ben,McDonald,-2.1
Glenn,McDonald,-0.4
Michael,McDonald,0.0
Roderick,McDonald,0
Hank,McDowell,-0.8
Antonio,McDyess,13.2
Jim,McElroy,2.2
Patrick,McFarland,0.5
Ivan,McFarlin,0.0
Mel,McGaha,0
Mitch,McGary,-0.1
JaVale,McGee,6.7
Mike,McGee,1.7
Bill,McGill,0
George,McGinnis,23.5
Jon,McGlocklin,0.5
Tracy,McGrady,55.7
Gil,McGregor,0
Elton,McGriff,0
Rodney,McGruder,-0.2
Alfred,McGuire,0
Allie,McGuire,0.0
Dick,McGuire,0
Dominic,McGuire,-0.1
Kevin,McHale,34.3
Maurice,McHartley,0
Jim,McIlvaine,-0.3
Jeff,McInnis,-0.3
Kenny,McIntosh,-0.7
Bob,McIntyre,0
Jerry,McKee,0
Kevin,McKenna,-0.2
Forrest,McKenzie,-0.2
Stan,McKenzie,-0.1
Derrick,McKey,20.4
Aaron,McKie,12.9
Billy,McKinney,1.7
Bones,McKinney,0
Carlton,McKinney,-0.3
Trey,McKinney-Jones,0.0
Alfonzo,McKinnie,-0.9
Jordan,McLaughlin,0.3
Ben,McLemore,-2.7
McCoy,McLemore,0
George,McLeod,0
Keith,McLeod,-1.4
Roshown,McLeod,-1.3
Jack,McMahon,0
Nate,McMillan,27.2
Tom,McMillen,-0.1
Jim,McMillian,7.7
Shellie,McMillon,0
Mal,McMullen,0
Chet,McNabb,0
Mark,McNamara,-2.0
Joe,McNamee,0
Jerel,McNeal,-0.1
Chris,McNealy,0.0
Bob,McNeill,0
Larry,McNeill,1.5
Carl,McNulty,0
Paul,McPherson,0.0
Roy,McPipe,-0.1
Cozell,McQueen,0.0
Jordan,McRae,0.0
Thales,McReynolds,0
Josh,McRoberts,4.7
Eric,McWilliams,0
George,Mearns,0
Stanislav,Medvedenko,-1.7
Darnell,Mee,-0.1
Jodie,Meeks,4.2
Cliff,Meely,-0.6
Scott,Meents,0.0
Dick,Mehen,0
Monk,Meineke,0
Carl,Meinhold,0
Salah,Mejri,1.3
Gal,Mekel,-0.5
Bill,Melchionni,1.0
Gary,Melchionni,0.5
Nicolò,Melli,0.3
Fab,Melo,-0.1
De'Anthony,Melton,0.4
Ed,Melvin,0
Dean,Meminger,2.6
Chuck,Mencel,0
John,Mengelt,2.2
Ken,Menke,0
Pops,Mensah-Bonsu,-0.5
Dewitt,Menyard,0
Ron,Mercer,-2.5
Joe,Meriweather,1.2
Porter,Meriwether,0
Tom,Meschery,0
Chimezie,Metu,-0.2
Bill,Meyer,0
Loren,Meyer,-2.7
Dave,Meyers,2.4
Stan,Miasek,0
Larry,Micheaux,0.6
Jordan,Mickey,-0.3
Khris,Middleton,10.2
Red,Mihalik,0
Chris,Mihm,-4.3
Eric,Mika,0.0
Ed,Mikan,0
George,Mikan,0
Larry,Mikan,0
Vern,Mikkelsen,0
Al,Miksis,0
Aaron,Miles,-0.1
C.J.,Miles,6.9
Darius,Miles,3.0
Eddie,Miles,0
Marko,Milič,0.0
Darko,Miličić,-0.9
Nat,Militzok,0
Andre,Miller,33.3
Anthony,Miller,-0.2
Bill,Miller,0
Bob,Miller,0.0
Brad,Miller,23.2
Darius,Miller,-0.7
Dick,Miller,-0.1
Eddie,Miller,0
Harry,Miller,0
Jay,Miller,0
Larry,Miller,-0.3
Malcolm,Miller,0.0
Mike,Miller,19.8
Oliver,Miller,7.4
Quincy,Miller,-0.5
Reggie,Miller,66.1
Walt,Miller,0
Chris,Mills,6.8
John,Mills,0
Patty,Mills,8.4
Terry,Mills,5.9
Elijah,Millsap,-0.4
Paul,Millsap,29.2
Shake,Milton,0.2
Harold,Miner,-0.9
Yao,Ming,20.7
Dirk,Minniefield,0.4
Dave,Minor,0
Greg,Minor,0.7
Mark,Minor,0
Nikola,Mirotić,7.1
Wat,Misaka,0
Jason,Miskiri,0.0
Donovan,Mitchell,6.5
Leland,Mitchell,0
Mike,Mitchell,5.2
Murray,Mitchell,0
Sam,Mitchell,-3.1
Todd,Mitchell,-0.3
Tony,Mitchell,0.0
Tony,Mitchell,0.0
Naz,Mitrou-Long,-0.1
Steve,Mix,17.1
Bill,Mlkvy,0
Cuttino,Mobley,12.9
Eric,Mobley,-0.9
Doug,Moe,0
Larry,Moffett,-0.1
Leo,Mogus,0
Nazr,Mohammed,-2.2
Jérôme,Moïso,-0.3
Paul,Mokeski,-3.3
Adam,Mokoka,-0.1
Jack,Molinas,0
Wayne,Molis,0
Sidney,Moncrief,33.1
Eric,Money,2.1
Sergei,Monia,-0.3
Malik,Monk,-0.7
Earl,Monroe,9.8
Greg,Monroe,15.2
Rodney,Monroe,-0.3
Luis,Montero,-0.2
Howie,Montgomery,0
Eric,Montross,-5.2
Jamario,Moon,5.1
Jim,Mooney,0
Matt,Mooney,0.0
Andre,Moore,-0.1
Ben,Moore,0.0
E'Twaun,Moore,0.3
Gene,Moore,-0.1
Jackie,Moore,0
Johnny,Moore,14.4
Larry,Moore,0
Lowes,Moore,-0.3
Mikki,Moore,-0.7
Otto,Moore,3.9
Richard,Moore,0
Ron,Moore,-0.2
Tracy,Moore,0.0
Ja,Morant,1.1
Eric,Moreland,0.5
Jackie,Moreland,0
Guy,Morgan,0.0
Juwan,Morgan,0.0
Rex,Morgan,0
Elmore,Morgenthaler,0
Darren,Morningstar,-0.2
Chris,Morris,13.7
Darius,Morris,-1.2
Isaiah,Morris,-0.1
Jaylen,Morris,-0.1
Marcus,Morris,6.0
Markieff,Morris,2.9
Max,Morris,0
Monte,Morris,2.6
Randolph,Morris,-0.8
Terence,Morris,-0.4
Adam,Morrison,-2.4
John,Morrison,0
Mike,Morrison,-0.3
Red,Morrison,0
Anthony,Morrow,4.3
Dwayne,Morton,-0.1
John,Morton,-0.5
Richard,Morton,0.0
Glenn,Mosley,-0.1
Perry,Moss,-0.3
Lawrence,Moten,0.0
Donatas,Motiejūnas,-0.5
Johnathan,Motley,0.0
Hanno,Möttölä,-2.3
Arnett,Moultrie,-0.1
Rick,Mount,0.0
Alonzo,Mourning,27.6
Timofey,Mozgov,0.0
Chuck,Mrazovich,0
Emmanuel,Mudiay,-2.1
Erwin,Mueller,-0.1
Shabazz,Muhammad,0.0
Mychal,Mulder,-0.2
Joe,Mullaney,0
Bob,Mullens,0
Byron,Mullens,-1.8
Chris,Mullin,41.6
Jeff,Mullins,1.6
Todd,Mundt,-0.2
Xavier,Munford,-0.1
Chris,Munk,0.0
George,Munroe,0
Eric,Murdock,12.1
Gheorghe,Mureșan,2.9
Allen,Murphy,-0.3
Calvin,Murphy,15.8
Dick,Murphy,0
Erik,Murphy,-0.1
Jay,Murphy,-0.7
John,Murphy,0
Kevin,Murphy,-0.2
Ronnie,Murphy,-0.2
Tod,Murphy,0.6
Troy,Murphy,10.6
Dejounte,Murray,2.0
Jamal,Murray,4.2
Ken,Murray,0
Lamond,Murray,4.0
Ronald,Murray,-0.5
Tracy,Murray,5.8
Willie,Murrell,0
Dorie,Murrey,0
Toure',Murry,-0.3
Džanan,Musa,-0.3
Mike,Muscala,2.4
Angelo,Musi,0
Jerrod,Mustaf,-1.0
Dikembe,Mutombo,34.0
Martin,Müürsepp,0.1
Pete,Myers,-0.8
Sviatoslav,Mykhailiuk,-0.3
Hamady,N'Diaye,-0.2
Makhtar,N'Diaye,-0.1
Mamadou,N'Diaye,-0.5
Boniface,N'Dong,-0.1
Bob,Naber,0
Boris,Nachamkin,0
Boštjan,Nachbar,0.6
Abdel,Nader,-0.4
Jerry,Nagel,0
Fritz,Nagy,0
Lee,Nailon,0.0
Eduardo,Nájera,3.0
Larry,Nance,43.5
Larry,Nance,6.1
Shabazz,Napier,2.1
Paul,Napolitano,0
Bob,Nash,-0.2
Cotton,Nash,0
Steve,Nash,48.2
Swen,Nater,12.5
Howard,Nathan,0.0
Calvin,Natt,15.4
Kenny,Natt,-0.5
Willie,Naulls,0
Juan Carlos,Navarro,-0.2
Maurice,Ndour,-0.1
Craig,Neal,-0.6
Gary,Neal,0.6
Jim,Neal,0
Lloyd,Neal,2.8
Ed,Nealy,2.2
Nemanja,Nedović,-0.3
Al,Negratti,0
Barry,Nelson,0
DeMarcus,Nelson,-0.2
Don,Nelson,4.0
Jameer,Nelson,11.6
Louie,Nelson,0.3
Ron,Nelson,0
Ruben,Nembhard,0.1
Dick,Nemelka,0
Tyrone,Nesby,0.7
Martin,Nessley,-0.5
Rasho,Nesterović,5.0
Raul,Neto,0.4
Bob,Netolicky,1.0
Johnny,Neumann,-0.7
Paul,Neumann,0
Chuck,Nevitt,-0.6
Melvin,Newbern,0.0
Ivano,Newbill,-0.9
Ira,Newble,-1.1
Mike,Newlin,7.6
Johnny,Newman,2.9
Malik,Newman,0.0
Dave,Newmark,0
Bill,Newton,-0.1
Georges,Niang,0.5
Demetris,Nichols,-0.1
Jack,Nichols,0
Andrew,Nicholson,-1.6
Gaylon,Nickerson,0.0
Carl,Nicks,-1.6
Rich,Niemann,0
Richie,Niemiera,0
Mike,Niles,-0.5
Kurt,Nimphius,1.3
Dyron,Nix,-0.1
Norm,Nixon,10.2
Joakim,Noah,20.9
Chuck,Noble,0
Andrés,Nocioni,3.4
David,Noel,-0.2
Nerlens,Noel,5.9
Paul,Noel,0
Lucas,Nogueira,1.9
Jim,Nolan,0
Paul,Nolen,0
Jeff,Nordgaard,0.0
Bevo,Nordmann,0
Johnny,Norlander,0
Connie,Norman,-0.1
Ken,Norman,4.9
Audie,Norris,-1.1
Moochie,Norris,1.2
Sylvester,Norris,-0.3
Zach,Norvell,-0.1
Willie,Norwood,1.5
George,Nostrand,0
Stan,Noszka,0
Mike,Novak,0
Steve,Novak,4.0
Jaylen,Nowell,-0.1
Mel,Nowell,0
Dirk,Nowitzki,84.8
Frank,Ntilikina,-2.5
Kendrick,Nunn,0.0
James,Nunnally,-0.2
Jusuf,Nurkić,3.9
Dennis,Nutt,0.1
David,Nwaba,-0.1
Julius,Nwosu,-0.2
Charles,O'Bannon,0.0
Ed,O'Bannon,-0.7
John,O'Boyle,0
Bob,O'Brien,0
J.J.,O'Brien,0.0
Jim,O'Brien,0.4
Jimmy,O'Brien,-0.5
Ralph,O'Brien,0
Johnny,O'Bryant,-1.8
Patrick,O'Bryant,-0.3
Dermie,O'Connell,0
Andy,O'Donnell,0
Buddy,O'Grady,0
Fran,O'Hanlon,0
Dick,O'Keefe,0
Tommy,O'Keefe,0
Mike,O'Koren,3.1
Grady,O'Malley,0
Jermaine,O'Neal,15.6
Shaquille,O'Neal,75.5
Royce,O'Neale,2.5
Mike,O'Neill,0
Kyle,O'Quinn,4.8
Kevin,O'Shea,0
Garland,O'Shields,0
Dan,O'Sullivan,-0.4
Charles,Oakley,15.4
Fabricio,Oberto,0.5
Daniel,Ochefu,-0.1
Greg,Oden,0.8
Lamar,Odom,31.4
Bud,Ogden,0
Ralph,Ogden,0
Alan,Ogg,-0.5
Don,Ohl,0
Tim,Ohlbrecht,0.0
Semi,Ojeleye,-1.0
Emeka,Okafor,6.8
Jahlil,Okafor,0.0
Elie,Okobo,-0.9
Josh,Okogie,-0.6
KZ,Okpala,0.0
Mehmet,Okur,14.5
Victor,Oladipo,10.8
Hakeem,Olajuwon,74.4
Mark,Olberding,5.4
Jawann,Oldham,-0.6
John,Oldham,0
Frank,Oleynick,-0.8
John,Olive,-0.3
Brian,Oliver,-1.2
Dean,Oliver,-0.2
Jimmy,Oliver,-0.6
Kevin,Ollie,-0.9
Gene,Ollrich,0
Michael,Olowokandi,-8.5
Bud,Olsen,0
Kelly,Olynyk,7.3
Miye,Oni,0.0
Arinze,Onuaku,0.0
Chinanu,Onuaku,-0.1
Barry,Orms,0
Johnny,Orr,0
Louis,Orr,5.5
José,Ortiz,-0.4
Daniel,Orton,-0.2
Chuck,Osborne,0
Cedi,Osman,-1.2
Wally,Osterkorn,0
Greg,Ostertag,5.1
Matt,Othick,0.0
Don,Otten,0
Mac,Otten,0
Kelly,Oubre,0.2
Bo,Outlaw,20.0
Travis,Outlaw,2.1
Claude,Overton,0
Doug,Overton,-3.5
Andre,Owens,-0.2
Billy,Owens,7.8
Chris,Owens,0.0
Eddie,Owens,0.0
Jim,Owens,0.0
Keith,Owens,-0.1
Larry,Owens,0.0
Red,Owens,0
Tariq,Owens,0.0
Tom,Owens,10.2
Ray,Owes,-0.4
Olumide,Oyedeji,-0.3
Joe,Pace,0.0
Zaza,Pachulia,2.9
Robert,Pack,3.8
Wayne,Pack,-0.1
Gerald,Paddio,-1.3
Scott,Padgett,2.3
Dana,Pagett,0
Marcus,Paige,0.0
Fred,Paine,0
Milt,Palacio,-3.5
Togo,Palazzi,0
Bud,Palmer,0
Errol,Palmer,0
Jim,Palmer,0
Walter,Palmer,-0.2
Andy,Panko,0.0
Georgios,Papagiannis,-0.2
Kostas,Papanikolaou,-0.2
Jannero,Pargo,-0.6
Jeremy,Pargo,-0.9
Easy,Parham,0
Robert,Parish,40.7
Med,Park,0
Anthony,Parker,6.1
Jabari,Parker,2.3
Smush,Parker,0.4
Sonny,Parker,10.5
Tony,Parker,30.1
Barry,Parkhill,-3.1
Jack,Parkinson,0
Charles,Parks,0
Cherokee,Parks,-0.7
Richard,Parks,0
Jack,Parr,0
Doyle,Parrack,0
Charlie,Parsley,0
Chandler,Parsons,10.2
Eric,Paschall,-0.3
Anžejs,Pasečņiks,-0.3
Žarko,Paspalj,-0.4
Marty,Passaglia,0
George,Pastushok,0
Myles,Patrick,0.0
Stan,Patrick,0
Andrae,Patterson,0.0
George,Patterson,0
Lamar,Patterson,-0.4
Patrick,Patterson,7.1
Ruben,Patterson,10.8
Steve,Patterson,0.9
Tom,Patterson,0.0
Worthy,Patterson,0
Justin,Patton,0.0
Brandon,Paul,-0.2
Chris,Paul,85.6
Charlie,Paulk,0
Jerry,Paulson,0
Billy,Paultz,15.3
Sasha,Pavlović,-3.1
Jim,Paxson,0
Jim,Paxson,13.3
John,Paxson,3.0
Johnny,Payak,0
Adreian,Payne,-1.4
Cameron,Payne,-0.2
Kenny,Payne,-0.9
Tom,Payne,0
Elfrid,Payton,4.3
Gary,Payton,62.5
Gary,Payton,-0.1
Mel,Payton,0
George,Pearcy,0
Henry,Pearcy,0
Oleksiy,Pecherov,-0.7
Wiley,Peck,-0.4
Rich,Peek,0
Anthony,Peeler,6.6
George,Peeples,0
Nikola,Peković,2.2
Jake,Pelkington,0
Norvel,Pelle,-0.1
Sam,Pellom,0.1
Mike,Penberthy,0.2
Jerry,Pender,-0.1
Desmond,Penigar,-0.1
Kirk,Penney,-0.1
Mike,Peplowski,-0.4
Will,Perdue,-0.2
Kendrick,Perkins,0.6
Sam,Perkins,29.1
Warren,Perkins,0
Kosta,Perović,0.0
London,Perrantes,-0.1
Aulcie,Perry,-0.1
Curtis,Perry,5.5
Elliot,Perry,3.6
Ron,Perry,0
Tim,Perry,1.5
Chuck,Person,9.1
Wesley,Person,15.2
Alec,Peters,0.0
Jim,Petersen,-1.6
Loy,Petersen,0
Bob,Peterson,0
Ed,Peterson,0
Mel,Peterson,0
Morris,Peterson,7.6
Geoff,Petrie,1.3
Johan,Petro,-4.6
Dražen,Petrović,5.4
Richard,Petruška,-0.1
Bob,Pettit,0
Jerry,Pettway,0
Roger,Phegley,0.0
Jack,Phelan,0
James,Phelan,0
Derrick,Phelps,0.0
Michael,Phelps,-0.6
Andy,Phillip,0
Eddie,Phillips,-0.3
Gary,Phillips,0
Gene,Phillips,0
Bobby,Phills,7.4
Eric,Piatkowski,7.9
Walter,Piatkowski,0
Paul,Pierce,65.5
Ricky,Pierce,18.6
Stan,Pietkiewicz,0.4
Mickaël,Piétrus,3.2
John,Pilch,0
Ed,Pinckney,9.2
Kevinn,Pinkney,0.0
John,Pinone,0.0
Theo,Pinson,-0.5
Dave,Piontek,0
Tom,Piotrowski,-0.1
Scottie,Pippen,63.2
Charles,Pittman,-0.7
Dexter,Pittman,-0.5
Zoran,Planinić,-0.6
Tibor,Pleiß,-0.2
Marshall,Plumlee,-0.1
Mason,Plumlee,9.6
Miles,Plumlee,0.2
Gary,Plummer,-1.7
Pavel,Podkolzin,-0.1
Vincent,Poirier,-0.1
Dwayne,Polee,0.0
Jim,Pollard,0
Scot,Pollard,2.9
Ralph,Polson,0
Jakob,Pöltl,3.3
Olden,Polynice,-1.9
Cliff,Pondexter,1.0
Quincy,Pondexter,0.3
Shamorie,Ponds,0.0
Jordan,Poole,-1.5
David,Pope,-0.3
Mark,Pope,-0.9
Dave,Popson,-0.3
Ben,Poquette,5.3
Chris,Porter,-0.7
Howard,Porter,1.8
Kevin,Porter,9.5
Kevin,Porter,-0.5
Michael,Porter,0.5
Otto,Porter,10.4
Terry,Porter,43.3
Willie,Porter,0
Bobby,Portis,1.1
Bob,Portman,0
Kristaps,Porziņģis,5.6
James,Posey,13.7
Lavor,Postell,-0.3
John,Postley,0
Vitaly,Potapenko,-5.9
Leon,Powe,0.3
Cincinnatus,Powell,-0.5
Dwight,Powell,6.1
Josh,Powell,-3.8
Kasib,Powell,-0.1
Norman,Powell,2.3
Roger,Powell,-0.1
Alex,Poythress,-0.2
Marlbert,Pradd,0
Mike,Pratt,0
Paul,Pressey,22.8
Phil,Pressey,-0.4
Dominic,Pressley,-0.1
Harold,Pressley,4.0
Stephen,Previs,0
A.J.,Price,0.7
Brent,Price,2.2
Jim,Price,4.7
Mark,Price,31.1
Mike,Price,0
Ronnie,Price,-1.6
Tony,Price,0.0
Bob,Priddy,0
Pablo,Prigioni,2.4
Tayshaun,Prince,18.0
John,Pritchard,0
Kevin,Pritchard,-0.6
Laron,Profit,0.0
Gabe,Pruitt,-0.1
Joel,Przybilla,0.8
Les,Pugh,0
Roy,Pugh,0
Anthony,Pullard,-0.1
Jacob,Pullen,0.0
Rodney,Purvis,-0.5
Don,Putman,0
Zhou,Qi,-0.2
Tim,Quarterman,0.0
Bob,Quick,0
Chris,Quinn,0.4
Brian,Quinnett,-0.6
Ivan,Rabb,0.1
Luther,Rackley,0.0
Dino,Rađa,3.0
Howie,Rader,0
Mark,Radford,-0.1
Wayne,Radford,0.0
Vladimir,Radmanović,7.6
Aleksandar,Radojević,-0.4
Frank,Radovich,0
Moe,Radovich,0
Miroslav,Raduljica,-0.3
Ray,Radziszewski,0
Ray,Ragelis,0
Sherwin,Raiken,0
Ed,Rains,-0.5
Igor,Rakočević,-0.2
Kurt,Rambis,8.1
Peter John,Ramos,0.0
Cal,Ramsey,0
Frank,Ramsey,0
Ray,Ramsey,0
Mark,Randall,-0.3
Chasson,Randle,-0.4
Julius,Randle,4.1
Anthony,Randolph,0.4
Shavlik,Randolph,-0.4
Zach,Randolph,18.8
Wally,Rank,-0.3
Kelvin,Ransey,3.3
Sam,Ranzino,0
Bobby,Rascoe,0
Blair,Rasmussen,-3.4
Xavier,Rathan-Mayes,-0.3
George,Ratkovicz,0
Ed,Ratleff,5.4
Mike,Ratliff,0.0
Theo,Ratliff,10.3
Andy,Rautins,-0.1
Leo,Rautins,-0.2
Allan,Ray,-0.1
Clifford,Ray,10.3
Don,Ray,0
James,Ray,-0.6
Jim,Ray,0
Jimmy,Rayl,0
Craig,Raymond,0
Connie,Rea,0
Joe,Reaves,-0.2
Josh,Reaves,0.0
Željko,Rebrača,-0.2
Eldridge,Recasner,0.9
Michael,Redd,21.4
Cam,Reddish,-0.9
Frank,Reddout,0
J.J.,Redick,16.1
Marlon,Redmond,-0.3
Davon,Reed,-0.3
Hub,Reed,0
Justin,Reed,-1.4
Ron,Reed,0
Willie,Reed,0.8
Willis,Reed,0.4
Bryant,Reeves,-4.3
Khalid,Reeves,1.0
Richie,Regan,0
Don,Rehfeldt,0
Billy,Reid,-0.5
Don,Reid,-0.2
J.R.,Reid,-3.7
Jim,Reid,0
Naz,Reid,0.0
Robert,Reid,8.2
Ryan,Reid,0.0
Jared,Reiner,-0.6
Chick,Reiser,0
Richard,Rellford,0.0
Terrence,Rencher,-0.2
John,Rennicke,0
Bob,Rensberger,0
Efthimi,Rentzias,-0.1
Shawn,Respert,-0.2
Kevin,Restani,1.2
Cameron,Reynolds,0.0
George,Reynolds,0
Jerry,Reynolds,5.4
Kendall,Rhine,0
Gene,Rhodes,0
Rodrick,Rhodes,-1.3
Glen,Rice,24.9
Glen,Rice,-0.2
Chris,Richard,-0.7
Clint,Richardson,1.6
Jason,Richardson,23.8
Jeremy,Richardson,-0.4
Josh,Richardson,4.2
Malachi,Richardson,-0.7
Micheal Ray,Richardson,21.2
Norm,Richardson,-0.1
Pooh,Richardson,10.5
Quentin,Richardson,8.5
Mitch,Richmond,29.3
John,Richter,0
Dick,Ricketts,0
Isaiah,Rider,4.5
Jackie,Ridgle,0
Luke,Ridnour,7.5
Mel,Riebe,0
Bob,Riedy,0
Jim,Riffey,0
Antoine,Rigaudeau,-0.3
Tom,Riker,-0.3
Bob,Riley,0
Eric,Riley,-0.9
Pat,Riley,-2.2
Ron,Riley,-0.2
Rich,Rinaldi,-0.1
Mike,Riordan,1.8
Arnie,Risen,0
Tex,Ritter,0
Ramón,Rivas,-0.1
Austin,Rivers,-3.5
David,Rivers,-0.7
Doc,Rivers,30.5
Lee,Robbins,0
Red,Robbins,2.2
Andre,Roberson,2.5
Anthony,Roberson,0.0
Rick,Roberson,-0.4
Terrance,Roberson,-0.1
Anthony,Roberts,-2.3
Bill,Roberts,0
Brian,Roberts,0.6
Fred,Roberts,1.5
Joe,Roberts,0
Lawrence,Roberts,0.0
Marv,Roberts,-0.4
Stanley,Roberts,-2.0
Alvin,Robertson,28.3
Oscar,Robertson,1.2
Ryan,Robertson,0.0
Tony,Robertson,-0.1
Rick,Robey,0.1
Bernard,Robinson,0.0
Chris,Robinson,-0.6
Cliff,Robinson,6.9
Clifford,Robinson,26.6
David,Robinson,82.0
Devin,Robinson,0.1
Duncan,Robinson,1.1
Eddie,Robinson,2.3
Flynn,Robinson,0.3
Glenn,Robinson,13.5
Glenn,Robinson,0.6
Jackie,Robinson,0.1
Jamal,Robinson,-0.1
James,Robinson,0.0
Jerome,Robinson,-0.7
Justin,Robinson,0.0
Larry,Robinson,0.1
Mitchell,Robinson,3.3
Nate,Robinson,8.6
Oliver,Robinson,-0.1
Ronnie,Robinson,-0.7
Rumeal,Robinson,0.8
Samuel,Robinson,0
Thomas,Robinson,-1.6
Truck,Robinson,6.1
Wayne,Robinson,-0.3
Wilbert,Robinson,-0.5
Bill,Robinzine,0.5
Dave,Robisch,11.3
Isaiah,Roby,0.0
Red,Rocha,0
John,Roche,2.2
Gene,Rock,0
Jack,Rocker,0
Guy,Rodgers,0
Dennis,Rodman,21.0
Sergio,Rodríguez,0.1
Lou,Roe,-0.4
Carlos,Rogers,1.4
Harry,Rogers,0.1
Johnny,Rogers,-0.4
Marshall,Rogers,-0.3
Rodney,Rogers,9.7
Roy,Rogers,-1.0
Willie,Rogers,0
Al,Roges,0
Ken,Rohloff,0
Kenny,Rollins,0
Phil,Rollins,0
Tree,Rollins,18.8
Lorenzo,Romar,1.8
Rajon,Rondo,22.9
Jerry,Rook,0
Sean,Rooks,-3.1
Derrick,Rose,16.5
Jalen,Rose,12.3
Malik,Rose,-0.4
Rob,Rose,0.0
Petey,Rosenberg,0
Lennie,Rosenbluth,0
Hank,Rosenstein,0
Dick,Rosenthal,0
Quinton,Ross,-2.0
Terrence,Ross,5.2
Doug,Roth,-0.3
Scott,Roth,-0.6
Irv,Rothenberg,0
Mickey,Rottner,0
Dan,Roundfield,19.7
Giff,Roux,0
Ron,Rowan,0.0
Curtis,Rowe,3.2
Jim,Rowinski,-0.1
Derrick,Rowland,0.0
Brian,Rowsom,0.1
Brandon,Roy,16.3
Donald,Royal,0.9
Reggie,Royals,0.0
Bob,Royer,0
Clifford,Rozier,-1.1
Terry,Rozier,3.7
Ricky,Rubio,12.6
Guy,Rucker,0.0
Delaney,Rudd,-1.2
John,Rudd,-0.3
Damjan,Rudež,-0.5
John,Rudometkin,0
Michael,Ruffin,-2.0
Trevor,Ruffin,0.0
Paul,Ruffner,-0.1
Joe,Ruklick,0
Jeff,Ruland,11.5
Bob,Rule,-0.2
Jerry,Rullo,0
Stefano,Rusconi,-0.1
Brandon,Rush,1.6
Kareem,Rush,-1.8
Bill,Russell,0
Bryon,Russell,11.8
Campy,Russell,9.8
Cazzie,Russell,3.3
D'Angelo,Russell,5.5
Frank,Russell,0
Pierre,Russell,0
Rubin,Russell,0
Walker,Russell,-1.1
Walker,Russell,-0.3
Arvydas,Sabonis,18.4
Domantas,Sabonis,4.6
Robert,Sacre,-1.4
Ed,Sadowski,0
Kenny,Sailors,0
John,Salley,10.5
John,Salmons,6.7
Al,Salvadori,0
Kevin,Salvadori,-0.3
Soumaila,Samake,-0.1
Luka,Šamanić,0.0
Cheikh,Samb,-0.2
Brandon,Sampson,-0.1
JaKarr,Sampson,-1.4
Jamal,Sampson,-0.1
Ralph,Sampson,5.0
Samardo,Samuels,-1.6
Pepe,Sánchez,0.2
Al,Sanders,0
Frankie,Sanders,-0.1
Jeff,Sanders,-0.5
Larry,Sanders,1.1
Melvin,Sanders,-0.1
Mike,Sanders,-0.9
Tom,Sanders,0
Ron,Sanford,0
Daniel,Santiago,-0.6
Bob,Santini,0
Wayne,Sappleton,-0.3
Dario,Šarić,2.4
Jason,Sasser,-0.1
Jeryl,Sasser,-0.1
Tomáš,Satoranský,2.3
Kenny,Satterfield,-0.6
Pep,Saul,0
Woody,Sauldsberry,0
Glynn,Saulters,0
Fred,Saunders,-0.4
Don,Savage,0
Predrag,Savović,-0.2
Alan,Sawyer,0
Brian,Scalabrine,-1.2
Alex,Scales,0.0
DeWayne,Scales,-0.5
Frank,Schade,0
Ben,Schadler,0
Herm,Schaefer,0
Billy,Schaeffer,-0.1
Bob,Schafer,0
Ben,Scharnus,0
Marv,Schatzman,0
Fred,Schaus,0
Danny,Schayes,-0.1
Dolph,Schayes,0
Ossie,Schectman,0
Steve,Scheffler,0.0
Tom,Scheffler,-0.2
Dave,Schellhase,0
Luke,Schenscher,-0.2
Herb,Scherer,0
Dwayne,Schintzius,-1.5
Dale,Schlueter,0.7
Otto,Schnellbacher,0
Dick,Schnittker,0
Russ,Schoene,-1.3
Admiral,Schofield,-0.2
Dave,Scholz,0
Milt,Schoon,0
Detlef,Schrempf,32.3
Dennis,Schröder,2.9
Howie,Schultz,0
Dick,Schulz,0
Roger,Schurig,0
John,Schweitz,-0.3
Luis,Scola,6.4
Fred,Scolari,0
Alvin,Scott,5.9
Brent,Scott,-0.1
Byron,Scott,21.0
Charlie,Scott,2.1
Dennis,Scott,9.9
James,Scott,-0.1
Mike,Scott,0.7
Ray,Scott,0
Shawnelle,Scott,-0.3
Willie,Scott,0
Paul,Scranton,0
Carey,Scurry,2.2
Bruce,Seals,-2.0
Shea,Seals,0.0
Malik,Sealy,2.2
Ed,Searcy,0.0
Kenny,Sears,0
Wayne,See,0
Thabo,Sefolosha,12.4
Rony,Seikaly,0.7
Glen,Selbo,0
Josh,Selby,-0.6
Wayne,Selden,-1.6
Brad,Sellers,-0.4
Phil,Sellers,-0.3
Rollie,Seltz,0
Lester,Selvage,0
Frank,Selvy,0
Jim,Seminoff,0
Mouhamed,Sene,-0.2
George,Senesky,0
Kevin,Séraphin,-3.6
Ansu,Sesay,-0.4
Ramon,Sessions,5.2
Ha,Seung-Jin,-0.5
Tom,Sewell,-0.2
Collin,Sexton,-1.7
Paul,Seymour,0
Nick,Shaback,0
Lynn,Shackelford,0
Charles,Shackleford,-1.2
Carl,Shaeffer,0
Lee,Shaffer,0
Mustafa,Shakur,-0.2
Landry,Shamet,0.3
God,Shammgod,-0.2
Earl,Shannon,0
Howie,Shannon,0
Chuck,Share,0
Bill,Sharman,0
Walter,Sharpe,0.0
John,Shasky,-0.5
Ron,Shavlik,0
Brian,Shaw,5.3
Casey,Shaw,-0.1
Marial,Shayok,0.0
Bob,Shea,0
Fred,Sheffield,0
Craig,Shelton,-0.7
Lonnie,Shelton,7.9
Tornike,Shengelia,-0.3
Billy,Shepherd,1.1
Jeff,Sheppard,0.0
Steve,Sheppard,-0.2
Ed,Sherod,1.1
Charley,Shipp,0
Paul,Shirley,-0.2
Gene,Short,-0.2
Purvis,Short,12.1
Dexter,Shouse,0.0
Dick,Shrider,0
Gene,Shue,0
John,Shumate,6.9
Iman,Shumpert,0.9
Alexey,Shved,1.1
Pascal,Siakam,6.1
Jordan,Sibert,0.0
Sam,Sibert,0
Mark,Sibley,-0.2
Jerry,Sichting,1.4
Donald,Sidle,0
Larry,Siegfried,0
Ralph,Siewert,0
Jack,Sikma,37.0
James,Silas,12.6
Paul,Silas,5.6
Xavier,Silas,-0.1
Garret,Siler,-0.1
Mike,Silliman,0
Chris,Silva,0.0
Wayne,Simien,-0.3
Ben,Simmons,11.2
Bobby,Simmons,3.6
Cedric,Simmons,-0.5
Connie,Simmons,0
Grant,Simmons,0
Johnny,Simmons,0
Jonathon,Simmons,-1.5
Kobi,Simmons,-0.8
Lionel,Simmons,6.7
Miles,Simon,-0.1
Walter,Simon,0.6
Anfernee,Simons,-1.0
Dickey,Simpkins,-3.3
Ralph,Simpson,4.2
Alvin,Sims,0.0
Bob,Sims,0
Courtney,Sims,0.0
Doug,Sims,0
Henry,Sims,-0.5
Scott,Sims,-0.1
Kyle,Singler,-0.9
Sean,Singletary,-0.2
Chris,Singleton,-0.8
James,Singleton,0.8
McKinley,Singleton,0.0
Zeke,Sinicola,0
Charlie,Sitton,-0.2
Peyton,Siva,-0.2
Scott,Skiles,6.7
Al,Skinner,2.7
Brian,Skinner,-1.5
Tal,Skinner,0.2
Whitey,Skoog,0
Jeff,Slade,0
Reggie,Slater,-1.8
Jim,Slaughter,0
Jose,Slaughter,-0.3
Tamar,Slay,-0.5
Donald,Sloan,-0.1
Jerry,Sloan,4.1
Uroš,Slokar,-0.1
Tom,Sluby,0.0
Alen,Smailagić,0.0
Keith,Smart,0.0
Marcus,Smart,4.9
Belus,Smawley,0
Jack,Smiley,0
Adrian,Smith,0
Al,Smith,-0.6
Bill,Smith,0
Bingo,Smith,3.5
Bobby,Smith,0
Charles,Smith,8.1
Charles,Smith,0.0
Charles,Smith,0.4
Chris,Smith,-0.3
Chris,Smith,0.0
Clinton,Smith,0.0
Craig,Smith,1.4
Deb,Smith,0
Dennis,Smith,-0.7
Derek,Smith,3.2
Don,Smith,0
Don,Smith,-0.2
Donta,Smith,-0.2
Doug,Smith,-2.4
Ed,Smith,0
Elmore,Smith,9.4
Garfield,Smith,0
Greg,Smith,-0.3
Greg,Smith,0.2
Ish,Smith,2.2
J.R.,Smith,14.8
Jabari,Smith,-0.6
Jason,Smith,-2.4
Jerry,Smith,0.0
Jim,Smith,-0.2
Joe,Smith,3.0
John,Smith,0
Josh,Smith,27.2
Keith,Smith,-0.4
Ken,Smith,-0.1
Kenny,Smith,11.2
LaBradford,Smith,-1.2
Larry,Smith,2.4
Leon,Smith,0.0
Michael,Smith,-0.5
Michael,Smith,5.1
Mike,Smith,-0.1
Nolan,Smith,-0.8
Otis,Smith,4.2
Pete,Smith,0
Phil,Smith,9.9
Randy,Smith,16.0
Reggie,Smith,-0.3
Robert,Smith,0.1
Russ,Smith,-0.1
Sam,Smith,0
Sam,Smith,0.2
Steve,Smith,24.6
Steven,Smith,-0.1
Stevin,Smith,-0.1
Theron,Smith,-0.8
Tony,Smith,0.0
William,Smith,0
Willie,Smith,0.6
Zhaire,Smith,-0.1
Rik,Smits,10.4
Mike,Smrek,-1.9
Joe,Smyth,0
Tony,Snell,0.0
Eric,Snow,5.9
Dick,Snyder,5.4
Kirk,Snyder,0.7
Chips,Sobek,0
Ricky,Sobers,4.1
Ron,Sobie,0
Mike,Sojourner,1.1
Willie,Sojourner,0.1
Will,Solomon,-0.5
Willie,Somerset,0
Darius,Songaila,-0.2
Dave,Sorenson,0
James,Southerland,0.0
Gino,Sovran,0
Pape,Sow,-0.8
Ken,Spain,0
Ray,Spalding,-0.1
Jim,Spanarkel,3.7
Vassilis,Spanoulis,-0.3
Daniel,Sparks,0
Guy,Sparrow,0
Rory,Sparrow,3.0
Odie,Spears,0
Art,Spector,0
Marreese,Speights,-0.6
Omari,Spellman,0.2
Andre,Spencer,0.2
Elmore,Spencer,-1.7
Felton,Spencer,-7.0
Lou,Spicer,0
Craig,Spitzer,0
Tiago,Splitter,5.4
Art,Spoelstra,0
Bruce,Spraggins,0
Latrell,Sprewell,21.0
Larry,Spriggs,-0.2
Jim,Springer,0
Jim,Spruill,0
Ryan,Stack,-0.5
Jerry,Stackhouse,17.4
Kevin,Stacom,-0.8
Erv,Staggs,0
Bud,Stallworth,-2.4
Dave,Stallworth,0.2
Ed,Stanczak,0
Terence,Stansbury,-1.2
John,Starks,16.5
Keith,Starr,-0.1
Nik,Stauskas,-1.7
Larry,Staverman,0
Larry,Steele,6.7
Matt,Steigenga,0.0
Vladimir,Stepania,-1.2
D.J.,Stephens,0.0
Everette,Stephens,-0.1
Jack,Stephens,0
Joe,Stephens,0.0
Lance,Stephenson,2.5
Alex,Stepheson,0.0
Brook,Steppe,0.2
Barry,Stevens,0.0
Wayne,Stevens,0
DeShawn,Stevenson,-3.5
Dennis,Stewart,0
Kebu,Stewart,0.0
Larry,Stewart,0.2
Michael,Stewart,-1.3
Norm,Stewart,0
Greg,Stiemsma,0.4
Steve,Stipanovich,8.4
Bryant,Stith,4.9
Sam,Stith,0
Tom,Stith,0
Alex,Stivrins,-0.1
David,Stockton,0.0
John,Stockton,106.5
Peja,Stojaković,26.2
Ed,Stokes,0.0
Greg,Stokes,-0.2
Jarnell,Stokes,0.1
Maurice,Stokes,0
Art,Stolkey,0
Randy,Stoll,0
Diamond,Stone,-0.1
George,Stone,0
Julyan,Stone,0.2
Awvee,Storey,-0.4
Damon,Stoudamire,16.8
Salim,Stoudamire,-0.6
Amar'e,Stoudemire,22.0
Paul,Stovall,0.0
D.J.,Strawberry,-0.2
Joe,Strawder,0
Bill,Stricker,0
Erick,Strickland,1.9
Mark,Strickland,0.4
Rod,Strickland,36.6
Roger,Strickland,0
John,Stroeder,-0.3
Derek,Strong,-0.3
Lamont,Strothers,-0.2
John,Stroud,-0.1
Red,Stroud,0
Max,Strus,0.0
Rodney,Stuckey,4.9
Gene,Stump,0
Stan,Stutz,0
Gary,Suiter,0
Jared,Sullinger,2.7
DaJuan,Summers,-0.8
Edmond,Sumner,-0.3
Barry,Sumpter,0.0
Don,Sunderlage,0
Bruno,Šundov,-0.9
Jon,Sundvold,-0.9
Bob,Sura,9.4
Dick,Surhoff,0
George,Sutor,0
Dane,Suttle,0.2
Greg,Sutton,-0.8
Keith,Swagerty,0
Bennie,Swain,0
Caleb,Swanigan,-0.7
Norm,Swanson,0
Dan,Swartz,0
Mike,Sweetney,-0.6
Robert,Swift,-0.7
Skeeter,Swift,-0.2
Stromile,Swift,1.1
Aaron,Swinson,-0.1
Pape,Sy,0.0
Buck,Sydnor,0
Larry,Sykes,0.0
Brett,Szabo,-0.7
Wally,Szczerbiak,13.6
Walt,Szczerbiak,0
Žan,Tabak,-2.7
Yuta,Tabuse,0.0
Chris,Taft,0.0
Sid,Tanenbaum,0
Dragan,Tarlać,-0.8
Roy,Tarpley,3.4
Levern,Tart,0
Earl,Tatum,2.1
Jayson,Tatum,6.2
Edy,Tavares,0.0
Anthony,Taylor,0.0
Brian,Taylor,14.8
Donell,Taylor,-0.1
Fatty,Taylor,2.6
Fred,Taylor,0
Isaiah,Taylor,-0.8
Jay,Taylor,0.0
Jeff,Taylor,-0.2
Jeffery,Taylor,-1.5
Jermaine,Taylor,-0.3
Johnny,Taylor,-0.4
Leonard,Taylor,-0.1
Maurice,Taylor,-5.3
Mike,Taylor,-0.6
Oliver,Taylor,0.0
Ronald,Taylor,0
Tyshawn,Taylor,-0.8
Vince,Taylor,-0.1
Terry,Teagle,-3.2
Jeff,Teague,14.4
Marquis,Teague,-1.0
Mirza,Teletović,1.8
Sebastian,Telfair,-4.2
Collis,Temple,0.0
Garrett,Temple,0.1
Miloš,Teodosić,-0.1
Ira,Terrell,0.5
Jared,Terrell,-0.2
Carlos,Terry,0.5
Chuck,Terry,0.0
Claude,Terry,0.7
Emanuel,Terry,0.0
Jason,Terry,37.4
Hasheem,Thabeet,-0.4
Tom,Thacker,0
Floyd,Theard,0
Daniel,Theis,2.5
Reggie,Theus,18.5
Peter,Thibeaux,-0.8
Bill,Thieben,0
Justus,Thigpen,0.0
David,Thirdkill,-1.1
Adonis,Thomas,0.0
Billy,Thomas,-0.2
Carl,Thomas,0.1
Charles,Thomas,-0.2
Etan,Thomas,-0.2
Irving,Thomas,-0.2
Isaiah,Thomas,16.5
Isiah,Thomas,41.6
Jamel,Thomas,-0.2
James,Thomas,-0.2
Jim,Thomas,0.5
Joe,Thomas,0
John,Thomas,-1.4
Kenny,Thomas,3.1
Khyri,Thomas,-0.2
Kurt,Thomas,8.6
Lance,Thomas,-4.0
Malcolm,Thomas,-0.3
Matt,Thomas,0.3
Ronald,Thomas,1.2
Terry,Thomas,-0.1
Tim,Thomas,6.4
Tyrus,Thomas,1.7
Willis,Thomas,0
Trey,Thompkins,-0.1
Bernard,Thompson,-0.7
Billy,Thompson,1.2
Brooks,Thompson,0.2
Corny,Thompson,-0.5
David,Thompson,21.2
Dijon,Thompson,0.0
George,Thompson,2.5
Hollis,Thompson,-1.3
Jack,Thompson,0
Jason,Thompson,-2.4
John,Thompson,0
Kevin,Thompson,-0.1
Klay,Thompson,14.2
LaSalle,Thompson,2.7
Mychal,Thompson,14.5
Mychel,Thompson,-0.1
Paul,Thompson,1.5
Stephen,Thompson,0.0
Tristan,Thompson,1.9
Skip,Thoren,0
Rod,Thorn,0
Al,Thornton,-3.2
Bob,Thornton,-3.4
Dallas,Thornton,0
Marcus,Thornton,6.2
Sindarius,Thornwell,-0.3
Otis,Thorpe,19.1
Sedale,Threatt,10.8
Nate,Thurmond,5.9
Mel,Thurston,0
Matisse,Thybulle,0.6
Hal,Tidrick,0
Dan,Tieman,0
Darren,Tillis,-0.8
Jack,Tingle,0
George,Tinsley,0
Jamaal,Tinsley,7.1
Wayman,Tisdale,2.3
Mike,Tobey,0.0
Mike,Todorovich,0
Ray,Tolbert,-0.7
Tom,Tolbert,-2.0
Anthony,Tolliver,3.2
Dean,Tolson,0.7
Rudy,Tomjanovich,13.3
Andrew,Toney,4.4
Sedric,Toney,-1.1
Andy,Tonkovich,0
Andy,Toolson,-0.2
Jack,Toomay,0
Bernard,Toone,-0.1
Irv,Torgoff,0
Gene,Tormohlen,0
Óscar,Torres,-0.1
Juan,Toscano-Anderson,-0.1
Bill,Tosheff,0
Bob,Tough,0
Axel,Toupane,-0.3
Monte,Towe,-0.5
Keith,Tower,-0.5
Blackie,Towery,0
Linton,Townes,-0.2
Karl-Anthony,Towns,21.2
Raymond,Townsend,-0.6
George,Trapp,-0.6
John,Trapp,0
Robert,Traylor,0.7
Gary,Trent,2.4
Gary,Trent,0.0
Jeff,Trepagnier,-0.1
John,Tresvant,0
Allonzo,Trier,-0.3
Dick,Triptow,0
Kelly,Tripucka,11.2
Ansley,Truitt,0
Cezary,Trybański,-0.3
Jake,Tsakalidis,-1.3
John,Tschogl,-0.3
Lou,Tsioropoulos,0
Nikoloz,Tskitishvili,-2.0
Al,Tucker,0
Alando,Tucker,-0.3
Anthony,Tucker,-0.3
Jim,Tucker,0
P.J.,Tucker,6.7
Rayjon,Tucker,-0.1
Trent,Tucker,10.2
Ronny,Turiaf,4.7
Mirsad,Türkcan,-0.1
Hedo,Türkoğlu,19.6
Andre,Turner,-0.2
Bill,Turner,0
Elston,Turner,0.0
Evan,Turner,0.5
Gary,Turner,0
Henry,Turner,-0.1
Herschell,Turner,0
Jack,Turner,0
Jack,Turner,0
Jeff,Turner,-7.2
John,Turner,-0.5
Myles,Turner,6.2
Wayne,Turner,-0.1
Melvin,Turpin,1.2
Dave,Twardzik,7.3
Jack,Twyman,0
B.J.,Tyler,-0.6
Jeremy,Tyler,-1.3
Terry,Tyler,13.2
Charlie,Tyra,0
Edwin,Ubiles,0.0
Ekpe,Udoh,0.8
Ime,Udoka,1.9
Beno,Udrih,4.9
Roko,Ukić,-0.6
Tyler,Ulis,-1.1
Wes,Unseld,25.3
Hal,Uplinger,0
Kelvin,Upshaw,0.1
Jarrod,Uthoff,0.0
Ben,Uzoh,0.3
Stephen,Vacendak,0
Jonas,Valančiūnas,9.6
Darnell,Valentine,5.5
Denzel,Valentine,0.4
Ronnie,Valentine,-0.2
John,Vallely,0
Dick,Van Arsdale,2.6
Tom,Van Arsdale,-2.2
Nick,Van Exel,17.7
Keith,Van Horn,9.6
Norm,Van Lier,6.2
Dennis,Van Zant,0.0
Fred,VanVleet,4.7
Gene,Vance,0
Logan,Vander Velden,-0.1
Jarred,Vanderbilt,-0.1
Ernie,Vandeweghe,0
Kiki,Vandeweghe,17.7
Nick,Vanos,-0.7
David,Vanterpool,-0.2
Ratko,Varda,0.0
Anderson,Varejão,8.9
Jarvis,Varnado,-0.1
Greivis,Vásquez,1.9
Chico,Vaughn,0
David,Vaughn,0.1
David,Vaughn,-1.3
Jacque,Vaughn,-4.5
Rashad,Vaughn,-1.2
Virgil,Vaughn,0
Loy,Vaught,2.2
Bob,Verga,0.0
Pete,Verhoeven,-0.5
Jan,Veselý,-0.4
Gundars,Vētra,0.0
João,Vianna,0.0
Charlie,Villanueva,4.7
Gabe,Vincent,-0.1
Jay,Vincent,2.6
Sam,Vincent,2.2
Marcus,Vinicius,0.0
Fred,Vinson,-0.2
Claude,Virden,0
Gary,Voce,0.0
Floyd,Volker,0
Alexander,Volkov,1.5
Whitey,Von Nieda,0
Noah,Vonleh,-0.5
Jake,Voskuhl,-3.0
Danny,Vranes,0.8
Slavko,Vraneš,0.0
Stojko,Vranković,-1.1
Brett,Vroman,0.0
Jackson,Vroman,-0.9
Nikola,Vučević,17.7
Sasha,Vujačić,2.3
Butch,van Breda Kolff,0
Jan,van Breda Kolff,5.3
Dean,Wade,0.0
Dwyane,Wade,62.8
Mark,Wade,-0.2
Von,Wafer,0.1
Clint,Wager,0
Dajuan,Wagner,-1.6
Danny,Wagner,0
Milt,Wagner,-0.2
Moritz,Wagner,-0.2
Phillip,Wagner,0
Dion,Waiters,-0.4
Granville,Waiters,-0.8
Andre,Wakefield,-0.9
Neal,Walk,2.9
Andy,Walker,0.1
Antoine,Walker,18.0
Brady,Walker,0
Chet,Walker,5.8
Darrell,Walker,13.0
Foots,Walker,10.2
Henry,Walker,0.2
Horace,Walker,0
Jimmy,Walker,1.4
Kemba,Walker,27.5
Kenny,Walker,0.6
Lonnie,Walker,-0.3
Phil,Walker,-0.3
Samaki,Walker,-1.1
Wally,Walker,-0.6
John,Wall,23.6
Ben,Wallace,36.1
Gerald,Wallace,23.5
John,Wallace,-1.0
Rasheed,Wallace,38.4
Red,Wallace,0
Tyrone,Wallace,-1.3
Dwight,Waller,0
Jamie,Waller,-0.1
Taurean,Waller-Prince,0.1
Jim,Walsh,0
Matt,Walsh,0.0
Rex,Walters,0.0
Paul,Walther,0
Isaac,Walthour,0
Bill,Walton,21.3
Derrick,Walton,0.2
Lloyd,Walton,0.6
Luke,Walton,2.5
Brad,Wanamaker,0.3
Bobby,Wanzer,0
Perry,Warbington,-0.2
Charlie,Ward,14.5
Gerry,Ward,0
Henry,Ward,-0.6
Casper,Ware,0.0
Jim,Ware,0
Ben,Warley,0
Bob,Warlick,0
Cornell,Warner,1.0
Jameel,Warney,0.0
Bob,Warren,0.5
John,Warren,-0.1
T.J.,Warren,3.7
Willie,Warren,0.0
Bryan,Warrick,-0.8
Hakim,Warrick,0.4
Chris,Washburn,-0.9
Julian,Washburn,-0.2
Bobby,Washington,0
Darius,Washington,-0.1
Donald,Washington,-0.4
Duane,Washington,0.1
Eric,Washington,-0.9
Jim,Washington,1.3
Kermit,Washington,8.1
P.J.,Washington,0.2
Pearl,Washington,0.3
Richard,Washington,-1.1
Stan,Washington,0.0
Trooper,Washington,0
Wilson,Washington,-0.2
Yuta,Watanabe,-0.3
Tremont,Waters,-0.1
Darryl,Watkins,-0.2
Bobby,Watson,0
C.J.,Watson,5.0
Earl,Watson,2.8
Jamie,Watson,0.2
Paul,Watson,0.0
Ron,Watts,0
Samuel,Watts,0
Slick,Watts,7.2
Maalik,Wayns,-0.4
David,Wear,0.0
Travis,Wear,-0.7
Clarence,Weatherspoon,11.8
Nick,Weatherspoon,-0.3
Quinndary,Weatherspoon,-0.1
Kyle,Weaver,0.3
James,Webb,-0.2
Jeff,Webb,0
Marcus,Webb,0.0
Spud,Webb,11.5
Chris,Webber,42.1
Briante,Weber,-0.1
Jake,Weber,0
Elnardo,Webster,0
Jeff,Webster,-0.1
Martell,Webster,4.3
Marvin,Webster,6.6
Scott,Wedman,10.5
Sonny,Weems,-1.8
Dick,Wehr,0
Brant,Weidner,-0.1
Bob,Weiss,2.6
Rick,Weitzman,0
Bonzi,Wells,8.3
Bubba,Wells,-0.2
Owen,Wells,-0.1
Ralph,Wells,0
Chris,Welp,-0.9
Jiří,Welsch,0.1
Thomas,Welsh,0.0
Bill,Wennington,-4.2
Matt,Wenstrom,0.0
Robert,Werdann,-0.3
Ray,Wertis,0
David,Wesley,15.6
Walt,Wesley,-0.1
David,West,27.6
Delonte,West,8.7
Doug,West,-4.2
Jerry,West,1.6
Mario,West,-0.1
Mark,West,1.1
Roland,West,0
Dexter,Westbrook,0
Russell,Westbrook,52.1
Paul,Westphal,24.8
John,Wetzel,0.7
Robert,Whaley,-0.2
Ennis,Whatley,2.0
DeJuan,Wheat,0.0
Clinton,Wheeler,0.4
Tyson,Wheeler,0.0
Skippy,Whitaker,0
Andrew,White,-0.2
Coby,White,-0.3
D.J.,White,0.0
Derrick,White,2.5
Eric,White,-0.2
Herb,White,0
Hubie,White,0
Jahidi,White,-1.8
James,White,-0.2
Jo Jo,White,6.9
Okaro,White,-0.1
Randy,White,-4.0
Rodney,White,-0.2
Rory,White,-0.9
Royce,White,0.0
Rudy,White,-0.4
Tony,White,-0.5
Willie,White,0.0
Isaiah,Whitehead,-1.4
Jerome,Whitehead,-5.1
Donald,Whiteside,-0.1
Hassan,Whiteside,13.2
Dwayne,Whitfield,-0.2
Chris,Whitney,4.6
Hank,Whitney,0
Hawkeye,Whitney,0.1
Shayne,Whittington,0.0
Sidney,Wicks,8.2
Ron,Widby,0
Murray,Wier,0
Bob,Wiesenhahn,0
Andrew,Wiggins,0.2
Mitchell,Wiggins,1.6
Ken,Wilburn,0
C.J.,Wilcox,-0.2
Chris,Wilcox,1.2
D.C.,Wilcutt,0
Gene,Wiley,0
Jacob,Wiley,0.0
Michael,Wiley,0.6
Morlon,Wiley,0.1
Win,Wilfong,0
Lenny,Wilkens,3.4
Bob,Wilkerson,-0.6
Jamaal,Wilkes,14.1
James,Wilkes,0.0
Damien,Wilkins,0.1
Dominique,Wilkins,50.6
Eddie Lee,Wilkins,-4.1
Gerald,Wilkins,5.3
Jeff,Wilkins,-4.8
Dale,Wilkinson,-0.1
Mike,Wilks,-0.1
Aaron,Williams,0.9
Al,Williams,0
Alan,Williams,0.2
Alvin,Williams,4.9
Art,Williams,0.3
Bernie,Williams,-0.1
Bob,Williams,0
Brandon,Williams,-0.3
Buck,Williams,21.7
C.J.,Williams,-0.1
Charles,Williams,0
Chuck,Williams,1.6
Chuckie,Williams,-0.1
Cliff,Williams,0
Corey,Williams,-0.3
Deron,Williams,28.3
Derrick,Williams,0.8
Duck,Williams,-0.9
Earl,Williams,0.2
Elliot,Williams,-1.1
Eric,Williams,-1.5
Fly,Williams,-0.6
Frank,Williams,-0.3
Freeman,Williams,2.4
Gene,Williams,0
Grant,Williams,-0.1
Gus,Williams,31.8
Guy,Williams,0.0
Hank,Williams,-0.1
Herb,Williams,7.8
Hot Rod,Williams,19.9
Jason,Williams,12.9
Jawad,Williams,-0.9
Jay,Williams,0.0
Jayson,Williams,-2.1
Jerome,Williams,7.4
John,Williams,8.8
Johnathan,Williams,-0.1
Jordan,Williams,0.0
Justin,Williams,-0.1
Kenny,Williams,1.5
Kenrich,Williams,0.0
Kevin,Williams,-1.1
Lorenzo,Williams,-0.4
Lou,Williams,23.6
Marcus,Williams,-1.0
Marcus,Williams,0.0
Marvin,Williams,12.3
Matt,Williams,0.0
Micheal,Williams,11.2
Mike,Williams,-0.1
Milt,Williams,-0.1
Mo,Williams,10.0
Monty,Williams,0.3
Nate,Williams,4.0
Pete,Williams,0.1
Ray,Williams,16.8
Reggie,Williams,8.9
Reggie,Williams,1.0
Rickey,Williams,-0.2
Rob,Williams,-0.9
Robert,Williams,0.7
Ron,Williams,-0.1
Sam,Williams,0
Sam,Williams,1.4
Scott,Williams,-1.9
Sean,Williams,-0.6
Shammond,Williams,1.7
Shawne,Williams,-0.3
Shelden,Williams,-1.5
Sly,Williams,4.2
Terrence,Williams,-0.6
Travis,Williams,-0.2
Troy,Williams,-0.2
Walt,Williams,11.7
Ward,Williams,0
Willie,Williams,0
Nigel,Williams-Goss,0.0
Corliss,Williamson,-0.1
John,Williamson,1.6
Zion,Williamson,0.6
Vann,Williford,0
Kevin,Willis,-1.0
Bill,Willoughby,1.2
Dedric,Willoughby,0.1
Bob,Wilson,0
Bobby,Wilson,0
Bobby,Wilson,-0.1
Bubba,Wilson,-0.2
D.J.,Wilson,-0.1
George,Wilson,0
Isaiah,Wilson,0
Jamil,Wilson,0.2
Jasper,Wilson,0
Jim,Wilson,0
Michael,Wilson,0.1
Nikita,Wilson,-0.1
Othell,Wilson,0.4
Rick,Wilson,0.0
Ricky,Wilson,-0.1
Stephen,Wilson,0
Trevor,Wilson,-0.6
Kyle,Wiltjer,0.0
Kennard,Winchester,-0.3
Tony,Windis,0
John,Windsor,0
Lee,Winfield,0.7
David,Wingate,-1.2
Dontonio,Wingfield,-0.2
Harthorne,Wingo,0.8
Marv,Winkler,0
Justise,Winslow,0.3
Rickie,Winslow,-0.1
Trevor,Winter,0.0
Brian,Winters,7.8
Voise,Winters,-0.1
Skip,Wise,0.0
Willie,Wise,4.2
Jeff,Withey,1.3
Luke,Witte,-0.3
Greg,Wittman,0
Randy,Wittman,2.1
Garry,Witts,0.1
Dave,Wohl,-1.4
Joe,Wolf,-6.7
Rubén,Wolkowyski,-0.3
Nate,Wolters,-0.2
Al,Wood,1.8
Bob,Wood,0
Christian,Wood,1.9
David,Wood,-0.9
Howard,Wood,-0.1
Leon,Wood,0.9
Loren,Woods,-0.3
Qyntel,Woods,-0.4
Randy,Woods,0.1
Tommy,Woods,0
Mike,Woodson,8.5
Bob,Woollard,0
Orlando,Woolridge,12.8
Haywoode,Workman,2.4
Mark,Workman,0
Tom,Workman,0
Metta,World Peace,25.4
Willie,Worsley,0
Sam,Worthen,0.0
James,Worthy,29.2
Antoine,Wright,-2.4
Bracey,Wright,0.0
Brad,Wright,-0.2
Brandan,Wright,7.5
Chris,Wright,0.2
Chris,Wright,0.0
Delon,Wright,5.6
Dorell,Wright,9.1
Howard,Wright,-0.1
Howie,Wright,0
Joby,Wright,-0.4
Julian,Wright,1.2
Larry,Wright,1.4
Leroy,Wright,0
Lonnie,Wright,0
Lorenzen,Wright,-3.0
Luther,Wright,-0.2
Sharone,Wright,-3.2
Justin,Wright-Foreman,0.0
Tony,Wroten,-1.1
Dennis,Wuycik,-0.3
A.J.,Wynder,0.0
Guerschon,Yabusele,0.0
Vincent,Yarbrough,-0.1
George,Yardley,0
Barry,Yates,0
Wayne,Yates,0
Charlie,Yelverton,0
Rich,Yonakor,0.1
Danny,Young,6.6
James,Young,-0.3
Joe,Young,-0.6
Korleone,Young,0.0
Michael,Young,0.2
Nick,Young,-0.8
Perry,Young,-0.1
Sam,Young,-0.1
Thaddeus,Young,16.9
Tim,Young,-0.1
Trae,Young,4.0
Sun,Yue,-0.1
Max,Zaslofsky,0
Zeke,Zawoluk,0
Cody,Zeller,3.7
Dave,Zeller,0
Gary,Zeller,0
Harry,Zeller,0
Luke,Zeller,-0.1
Tyler,Zeller,0.0
Tony,Zeno,-0.2
Phil,Zevenbergen,0.0
Wang,Zhizhi,0.1
George,Zídek,-1.8
Derrick,Zimmerman,-0.1
Stephen,Zimmerman,-0.2
Paul,Zipser,-1.4
Ante,Žižić,-0.2
Jim,Zoet,-0.1
Bill,Zopf,0
Ivica,Zubac,1.7
Matt,Zunic,0
